id,dataset_name,category,source,last_updated,record_count,file_size_mb,created_at
1,Encrypted Errors 2024,Network Logs,Partner Agency,2025-03-19,1861085,1179.04,2025-03-20 13:42:19
2,Encrypted Traffic 2023,Malware Signatures,Security Vendor,2025-03-27,3804005,3936.8,2025-03-28 22:16:15
3,Global Attacks 2025,Malware Signatures,Legacy System,2025-03-07,2380959,1116.11,2025-03-08 13:49:16
4,Regional Metrics 2024,Financial Transactions,Internal Server,2025-02-24,4356899,1585.31,2025-02-25 21:08:43
5,Regional Attacks 2025,Threat Intelligence,Partner Agency,2025-02-04,4487412,625.09,2025-02-05 04:16:32
6,Regional History 2023,Malware Signatures,Security Vendor,2025-06-27,1447511,4813.79,2025-06-28 05:30:51
7,Customer Traffic 2023,Threat Intelligence,Public API,2025-06-04,2155803,4336.46,2025-06-05 01:17:05
8,Global Traffic 2024,Threat Intelligence,AWS S3 Bucket,2024-12-27,298887,3824.49,2024-12-28 23:39:11
9,Raw Incidents 2023,User Activity,Public API,2025-01-29,181476,2155.25,2025-01-30 21:37:24
10,Encrypted Logins 2023,User Activity,Security Vendor,2025-07-10,3253962,2481.33,2025-07-10 18:52:25
11,Encrypted Errors 2025,IoT Sensor Data,Research Lab,2024-12-31,575763,1375.48,2025-01-01 02:36:22
12,Internal Logins 2024,Financial Transactions,Public API,2025-07-24,1479789,2081.2,2025-07-25 17:19:17
13,Customer Traffic 2025,Financial Transactions,Public API,2025-01-17,2928862,3937.14,2025-01-19 20:23:55
14,Regional Errors 2023,System Audits,Legacy System,2025-12-01,4222495,3088.02,2025-12-03 07:46:05
15,Internal Incidents 2023,User Activity,Security Vendor,2025-11-05,1637809,3613.26,2025-11-05 16:33:55
16,Customer History 2025,System Audits,AWS S3 Bucket,2025-02-13,4986728,2602.42,2025-02-15 10:58:23
17,Raw Errors 2025,User Activity,Internal Server,2025-09-21,1634875,1974.05,2025-09-21 19:33:24
18,Encrypted History 2025,IoT Sensor Data,Legacy System,2025-01-06,1611060,693.48,2025-01-08 02:10:53
19,Encrypted Metrics 2023,System Audits,Public API,2025-05-15,2052364,879.19,2025-05-15 21:09:42
20,Raw Errors 2024,Threat Intelligence,Partner Agency,2025-02-16,418715,3924.59,2025-02-17 07:57:57
21,Processed Errors 2025,System Audits,Research Lab,2025-04-13,1651518,67.02,2025-04-15 15:48:07
22,Regional Logins 2023,System Audits,Research Lab,2025-02-08,4133999,4926.54,2025-02-09 06:08:47
23,Processed Traffic 2023,Threat Intelligence,Public API,2025-03-04,322106,3655.86,2025-03-05 21:32:05
24,Regional Traffic 2023,Cloud Access Logs,Public API,2025-04-21,1076039,320.38,2025-04-23 14:22:52
25,Regional Errors 2023,Financial Transactions,Legacy System,2024-12-25,4898582,1982.75,2024-12-26 09:33:50
26,Global Traffic 2024,Financial Transactions,Public API,2025-04-08,3240134,4496.53,2025-04-09 15:20:33
27,Processed History 2025,Financial Transactions,Partner Agency,2025-10-24,1172191,164.43,2025-10-25 22:16:31
28,Global Metrics 2023,User Activity,Partner Agency,2025-02-08,4189081,4869.46,2025-02-09 12:58:31
29,Customer Incidents 2023,Threat Intelligence,Research Lab,2025-02-01,1709872,4620.76,2025-02-03 16:52:23
30,Encrypted Incidents 2023,Threat Intelligence,Internal Server,2025-04-03,4144018,2475.63,2025-04-03 14:57:12
31,Global Logins 2023,Cloud Access Logs,Public API,2025-09-02,1396962,1867.54,2025-09-04 06:16:15
32,Encrypted Incidents 2024,System Audits,AWS S3 Bucket,2025-04-08,4273525,1590.96,2025-04-09 17:24:26
33,Internal Logins 2025,Cloud Access Logs,Public API,2025-07-03,1440868,1006.93,2025-07-04 17:58:36
34,Regional History 2023,Threat Intelligence,Internal Server,2025-11-11,3112907,4987.59,2025-11-11 08:09:37
35,Global Incidents 2024,Network Logs,Research Lab,2025-09-19,747929,3091.34,2025-09-19 11:03:17
36,Raw Traffic 2024,Malware Signatures,AWS S3 Bucket,2025-03-06,1763805,2837.51,2025-03-07 05:14:19
37,Encrypted Attacks 2025,User Activity,AWS S3 Bucket,2025-09-02,801554,4596.5,2025-09-02 11:27:44
38,Global Traffic 2023,System Audits,Legacy System,2025-07-28,4196481,617.83,2025-07-29 13:49:44
39,Processed Logins 2024,Financial Transactions,Legacy System,2025-08-24,2290290,649.92,2025-08-25 19:42:20
40,Customer Incidents 2024,Network Logs,Internal Server,2025-02-11,752165,4792.79,2025-02-13 17:15:48
41,Raw History 2023,Cloud Access Logs,AWS S3 Bucket,2025-05-29,3366662,3118.71,2025-05-30 21:38:40
42,Processed Attacks 2024,Network Logs,Legacy System,2025-09-27,4033418,4634.82,2025-09-27 21:51:46
43,Regional History 2025,User Activity,Security Vendor,2025-09-03,118064,4878.89,2025-09-04 18:54:07
44,Processed Errors 2024,Cloud Access Logs,Public API,2025-10-30,2686858,4335.6,2025-10-31 01:51:35
45,Global Metrics 2025,Financial Transactions,Legacy System,2025-06-17,4547737,4447.73,2025-06-19 10:55:38
46,Internal Attacks 2025,Financial Transactions,Partner Agency,2025-10-26,1980138,3115.67,2025-10-27 07:07:21
47,Raw Errors 2024,Cloud Access Logs,Public API,2025-02-04,1041706,1014.74,2025-02-05 23:53:18
48,Internal Logins 2025,IoT Sensor Data,Internal Server,2025-01-03,3956210,2206.44,2025-01-03 05:11:56
49,Encrypted Errors 2025,Financial Transactions,Research Lab,2025-08-05,2868861,2088.78,2025-08-07 01:59:00
50,Encrypted Metrics 2024,System Audits,Research Lab,2025-02-02,3924506,2016.35,2025-02-02 21:54:01
51,Global Errors 2024,IoT Sensor Data,Public API,2025-08-27,2682483,3339.64,2025-08-27 21:39:20
52,Processed Incidents 2025,Financial Transactions,Partner Agency,2025-03-02,4920538,2547.56,2025-03-03 01:54:58
53,Global Traffic 2023,Financial Transactions,Public API,2025-08-15,985750,2170.48,2025-08-15 12:47:03
54,Customer Incidents 2025,Threat Intelligence,Internal Server,2025-08-05,808643,2067.35,2025-08-07 06:47:15
55,Encrypted Errors 2024,Network Logs,AWS S3 Bucket,2025-10-02,1959783,3180.64,2025-10-04 05:51:39
56,Customer Metrics 2023,System Audits,Security Vendor,2025-01-22,3583501,949.48,2025-01-23 09:11:27
57,Global Logins 2024,User Activity,Partner Agency,2025-08-02,1197687,4411.43,2025-08-03 10:05:50
58,Global Traffic 2024,Threat Intelligence,Partner Agency,2025-04-01,3990276,1219.71,2025-04-01 16:55:23
59,Regional Errors 2023,System Audits,Partner Agency,2025-05-03,110309,1731.5,2025-05-03 16:07:26
60,Global Logins 2024,User Activity,AWS S3 Bucket,2025-07-29,4816867,2971.25,2025-07-30 23:53:05
61,Raw Metrics 2024,Network Logs,AWS S3 Bucket,2024-12-12,2701970,2298.91,2024-12-13 20:15:23
62,Regional Traffic 2023,User Activity,Security Vendor,2025-07-19,4884299,1756.59,2025-07-19 13:59:08
63,Raw Traffic 2024,Network Logs,Internal Server,2025-06-21,2774955,1430.93,2025-06-22 21:31:47
64,Encrypted Errors 2024,Network Logs,Internal Server,2025-03-14,4945777,884.06,2025-03-16 13:36:43
65,Processed Errors 2024,User Activity,AWS S3 Bucket,2025-09-01,3849740,3101.91,2025-09-02 20:32:41
66,Customer Traffic 2024,User Activity,Security Vendor,2025-04-09,3786290,1397.81,2025-04-10 04:21:23
67,Global Metrics 2025,System Audits,Security Vendor,2025-08-24,3085978,4335.8,2025-08-26 14:24:31
68,Global Incidents 2023,Cloud Access Logs,Research Lab,2025-07-24,1686916,253.39,2025-07-26 13:58:23
69,Regional Errors 2025,Financial Transactions,Security Vendor,2025-04-07,4151217,2631.52,2025-04-07 07:49:19
70,Raw Incidents 2024,Malware Signatures,Legacy System,2025-05-21,1386999,536.68,2025-05-23 01:26:34
71,Internal Logins 2023,Financial Transactions,Partner Agency,2025-06-03,1624466,1106.61,2025-06-05 16:13:50
72,Processed History 2025,Cloud Access Logs,AWS S3 Bucket,2025-04-23,1376024,1128.9,2025-04-24 07:17:21
73,Customer Incidents 2023,IoT Sensor Data,AWS S3 Bucket,2024-12-21,3277340,4205.38,2024-12-22 18:02:51
74,Global Logins 2025,Malware Signatures,Internal Server,2025-03-13,2141520,3250.33,2025-03-14 04:02:37
75,Encrypted Attacks 2024,Network Logs,AWS S3 Bucket,2025-06-27,2667115,1421.28,2025-06-28 16:24:34
76,Regional History 2024,Financial Transactions,Internal Server,2024-12-31,1827096,4586.62,2025-01-01 12:50:53
77,Customer Attacks 2025,Network Logs,Public API,2024-12-23,1720051,2612.73,2024-12-24 12:15:42
78,Internal History 2023,System Audits,Legacy System,2025-06-17,564525,1086.99,2025-06-18 23:04:22
79,Global History 2025,Cloud Access Logs,Internal Server,2025-09-06,1580261,547.84,2025-09-07 01:58:05
80,Internal Errors 2023,Malware Signatures,Internal Server,2025-11-19,391204,1014.57,2025-11-20 19:49:00
81,Encrypted Logins 2025,Financial Transactions,AWS S3 Bucket,2025-06-04,1794009,1993.4,2025-06-04 07:34:21
82,Regional Logins 2023,Malware Signatures,Internal Server,2025-06-01,628319,3422.24,2025-06-03 00:22:19
83,Regional Metrics 2023,System Audits,Legacy System,2025-08-22,3156637,2213.35,2025-08-23 03:10:49
84,Internal Incidents 2024,System Audits,AWS S3 Bucket,2025-06-17,1550569,4105.64,2025-06-18 04:28:54
85,Customer Traffic 2024,IoT Sensor Data,Public API,2024-12-26,3959296,1824.45,2024-12-27 05:07:19
86,Raw Errors 2023,IoT Sensor Data,Internal Server,2025-12-05,4128464,67.8,2025-12-05 22:03:52
87,Encrypted Errors 2024,Financial Transactions,Public API,2025-11-10,522753,1970.45,2025-11-11 06:41:51
88,Customer Attacks 2024,System Audits,Internal Server,2025-11-27,3534106,2290.91,2025-11-28 12:59:07
89,Global Attacks 2024,Financial Transactions,Internal Server,2024-12-23,2012521,1719.26,2024-12-23 21:29:27
90,Raw Incidents 2024,Cloud Access Logs,Research Lab,2025-08-21,4304471,1854.56,2025-08-22 18:19:36
91,Raw Traffic 2024,System Audits,Security Vendor,2025-07-24,4257423,4500.79,2025-07-25 15:55:13
92,Regional History 2023,IoT Sensor Data,Public API,2024-12-20,2240865,1733.65,2024-12-21 12:47:06
93,Internal Metrics 2023,Financial Transactions,Security Vendor,2025-07-07,4663361,1600.95,2025-07-08 11:41:16
94,Customer History 2023,Cloud Access Logs,Partner Agency,2025-06-16,3323080,4817.08,2025-06-16 09:46:14
95,Raw Metrics 2024,Network Logs,Public API,2025-11-14,4190972,4926.69,2025-11-15 22:20:26
96,Regional Errors 2023,Cloud Access Logs,Internal Server,2025-05-22,680741,3860.69,2025-05-24 04:34:18
97,Customer Metrics 2025,User Activity,Security Vendor,2025-10-20,3119504,1899.77,2025-10-20 20:49:57
98,Customer History 2025,Cloud Access Logs,Internal Server,2025-09-28,1173022,611.13,2025-09-29 18:12:22
99,Internal Attacks 2023,Network Logs,AWS S3 Bucket,2025-08-30,3760018,2142.6,2025-08-31 16:24:25
100,Processed Logins 2024,IoT Sensor Data,Partner Agency,2025-06-29,19436,2163.49,2025-06-30 02:54:01
101,Raw Attacks 2023,System Audits,AWS S3 Bucket,2025-05-30,4146559,277.73,2025-05-31 20:52:10
102,Raw Traffic 2025,User Activity,Internal Server,2025-11-12,2334652,1533.61,2025-11-12 16:43:27
103,Global Incidents 2024,Cloud Access Logs,Partner Agency,2025-07-20,4950214,2077.26,2025-07-20 20:25:21
104,Global Traffic 2023,Cloud Access Logs,Internal Server,2025-09-28,4196920,3227.69,2025-09-29 10:21:33
105,Raw History 2024,IoT Sensor Data,AWS S3 Bucket,2025-03-15,4628047,2331.76,2025-03-16 06:15:50
106,Regional Logins 2023,Financial Transactions,Security Vendor,2025-05-21,1104008,4988.81,2025-05-22 19:39:42
107,Global Incidents 2024,Financial Transactions,Partner Agency,2025-07-26,3382702,394.68,2025-07-28 10:12:41
108,Processed History 2024,Cloud Access Logs,Public API,2025-03-21,2794685,1650.87,2025-03-21 05:27:28
109,Regional Incidents 2024,System Audits,AWS S3 Bucket,2025-08-08,4058034,3276.18,2025-08-08 20:15:02
110,Processed Logins 2025,Malware Signatures,Research Lab,2025-08-22,4450297,541.49,2025-08-23 18:02:49
111,Raw Metrics 2023,System Audits,AWS S3 Bucket,2025-04-27,4908358,3971.13,2025-04-28 17:48:55
112,Global Errors 2024,Malware Signatures,AWS S3 Bucket,2025-01-22,2721411,1113.35,2025-01-24 03:33:46
113,Global Traffic 2025,Threat Intelligence,Security Vendor,2025-04-05,92808,4585.59,2025-04-05 22:25:48
114,Raw Traffic 2025,System Audits,Public API,2025-11-18,2588974,4231.51,2025-11-18 08:16:35
115,Global History 2024,Network Logs,Public API,2024-12-11,4963216,1324.13,2024-12-11 10:33:03
116,Raw Logins 2025,Financial Transactions,AWS S3 Bucket,2025-08-02,4497418,2851.07,2025-08-03 18:22:47
117,Processed Errors 2025,Cloud Access Logs,Partner Agency,2025-10-11,2790790,4619.09,2025-10-12 03:09:57
118,Processed Traffic 2024,User Activity,Security Vendor,2025-03-29,2200890,2025.42,2025-03-30 06:44:08
119,Regional Metrics 2023,Malware Signatures,Research Lab,2025-10-25,1405347,2455.86,2025-10-26 23:36:17
120,Encrypted Logins 2023,User Activity,Legacy System,2025-09-05,3489039,4232.95,2025-09-06 12:06:30
121,Customer Attacks 2024,IoT Sensor Data,Legacy System,2024-12-20,3260454,4135.62,2024-12-20 19:41:44
122,Encrypted Errors 2025,Malware Signatures,Partner Agency,2025-05-22,3353706,146.32,2025-05-23 07:32:13
123,Customer Logins 2023,User Activity,Research Lab,2025-03-11,3903789,1795.73,2025-03-12 18:02:33
124,Encrypted History 2025,Threat Intelligence,Research Lab,2025-11-10,3012838,2208.65,2025-11-10 15:17:02
125,Regional Incidents 2024,System Audits,Research Lab,2025-11-17,946023,1303.69,2025-11-18 06:28:42
126,Regional Metrics 2024,User Activity,Public API,2025-09-18,4963734,3125.38,2025-09-18 23:53:59
127,Customer Incidents 2025,Financial Transactions,Internal Server,2025-07-31,4650839,739.49,2025-07-31 20:23:43
128,Internal Logins 2024,IoT Sensor Data,Partner Agency,2025-09-19,3020203,462.79,2025-09-20 10:00:36
129,Processed History 2025,Threat Intelligence,Public API,2025-05-29,2664638,4129.28,2025-05-30 12:45:35
130,Processed Traffic 2024,Threat Intelligence,AWS S3 Bucket,2025-07-09,716282,2496.1,2025-07-11 06:47:00
131,Regional Traffic 2024,Cloud Access Logs,Research Lab,2025-11-26,3918019,1492.71,2025-11-28 03:54:45
132,Raw Attacks 2024,Network Logs,Partner Agency,2025-12-10,3608978,376.07,2025-12-10 11:39:01
133,Global Metrics 2023,Malware Signatures,Security Vendor,2025-10-30,2467915,3674.69,2025-10-30 23:01:04
134,Customer Attacks 2025,IoT Sensor Data,Security Vendor,2025-06-12,3986345,4740.37,2025-06-12 14:26:27
135,Global Logins 2024,System Audits,Internal Server,2024-12-14,3364800,217.8,2024-12-15 02:52:17
136,Internal Traffic 2023,Threat Intelligence,Research Lab,2025-11-02,900711,2183.07,2025-11-03 02:01:27
137,Processed Errors 2023,Malware Signatures,Public API,2025-02-15,2504828,1188.27,2025-02-15 14:13:32
138,Global Metrics 2024,Threat Intelligence,Partner Agency,2025-02-02,1027398,4029.6,2025-02-03 23:27:04
139,Internal Metrics 2023,IoT Sensor Data,Legacy System,2025-01-10,4147019,3078.2,2025-01-11 22:46:28
140,Internal Traffic 2025,User Activity,Legacy System,2025-03-31,1345096,4556.24,2025-04-01 06:23:37
141,Processed Traffic 2024,Network Logs,AWS S3 Bucket,2025-09-16,4031946,1144.68,2025-09-17 02:32:08
142,Raw Traffic 2025,IoT Sensor Data,Legacy System,2024-12-20,1102241,216.98,2024-12-21 20:27:18
143,Encrypted Incidents 2025,IoT Sensor Data,Legacy System,2025-07-17,4940426,1634.14,2025-07-18 02:37:21
144,Internal Errors 2023,Cloud Access Logs,Research Lab,2025-09-11,2008154,1976.07,2025-09-11 04:24:54
145,Encrypted Errors 2025,System Audits,Internal Server,2025-09-25,3631024,3770.92,2025-09-25 20:44:07
146,Internal Logins 2025,Network Logs,Research Lab,2025-05-28,1919613,1324.07,2025-05-30 20:52:29
147,Encrypted Traffic 2024,Network Logs,AWS S3 Bucket,2025-09-29,1443362,1038.45,2025-09-30 23:33:19
148,Global History 2023,IoT Sensor Data,Research Lab,2025-03-26,3618466,4455.1,2025-03-26 22:49:42
149,Raw Attacks 2024,IoT Sensor Data,Legacy System,2025-09-21,782176,4844.44,2025-09-22 22:31:00
150,Raw History 2024,Cloud Access Logs,Legacy System,2025-06-24,2484185,1798.59,2025-06-25 18:31:50
151,Global Traffic 2024,Network Logs,Public API,2025-07-02,1501791,4564.51,2025-07-02 12:34:55
152,Customer Traffic 2025,IoT Sensor Data,Public API,2025-05-02,298172,684.17,2025-05-03 16:17:31
153,Processed Attacks 2025,Network Logs,Legacy System,2025-10-13,214471,2241.27,2025-10-15 19:31:41
154,Processed Errors 2023,Threat Intelligence,AWS S3 Bucket,2025-06-27,3653730,246.98,2025-06-28 08:16:45
155,Internal Errors 2023,User Activity,Research Lab,2025-04-08,2271755,661.87,2025-04-08 20:20:46
156,Internal Incidents 2023,Cloud Access Logs,Legacy System,2025-07-02,2789804,3295.22,2025-07-02 11:16:59
157,Raw Metrics 2024,Threat Intelligence,Public API,2025-06-09,848662,1324.79,2025-06-10 01:21:32
158,Customer Logins 2023,System Audits,Partner Agency,2025-02-07,2348932,2514.39,2025-02-09 09:06:57
159,Encrypted History 2023,Network Logs,Partner Agency,2025-10-09,649315,298.26,2025-10-09 15:13:56
160,Regional Metrics 2024,Threat Intelligence,Security Vendor,2025-10-10,4445058,270.64,2025-10-11 13:11:36
161,Raw History 2024,Cloud Access Logs,Security Vendor,2025-05-22,1920082,4062.34,2025-05-23 15:56:03
162,Encrypted Errors 2025,Cloud Access Logs,Security Vendor,2025-09-30,3800753,2832.31,2025-09-30 16:18:09
163,Raw Errors 2024,Financial Transactions,Partner Agency,2025-03-04,3787723,252.02,2025-03-05 11:14:42
164,Global Incidents 2024,Malware Signatures,Partner Agency,2025-04-18,2667639,1843.63,2025-04-20 20:55:27
165,Encrypted History 2023,Cloud Access Logs,AWS S3 Bucket,2025-02-27,2269609,253.31,2025-02-27 07:14:53
166,Internal Metrics 2023,Financial Transactions,Internal Server,2025-02-18,1209588,4641.33,2025-02-19 22:04:54
167,Internal Attacks 2023,User Activity,AWS S3 Bucket,2025-03-08,3412493,4094.76,2025-03-09 23:00:58
168,Encrypted Traffic 2024,IoT Sensor Data,Legacy System,2025-10-29,4282517,4677.15,2025-10-30 18:51:53
169,Processed Logins 2024,Financial Transactions,Security Vendor,2025-07-29,2460366,4332.97,2025-07-29 19:39:09
170,Regional History 2024,IoT Sensor Data,Legacy System,2025-04-06,2659082,3904.16,2025-04-08 12:49:27
171,Customer Incidents 2025,System Audits,Legacy System,2025-09-07,3234848,3282.86,2025-09-08 08:54:47
172,Internal History 2025,User Activity,AWS S3 Bucket,2025-11-12,201857,1796.11,2025-11-12 06:08:15
173,Customer Attacks 2025,Threat Intelligence,Legacy System,2024-12-29,2728805,723.46,2024-12-29 21:22:10
174,Internal Incidents 2023,IoT Sensor Data,Partner Agency,2024-12-16,4988342,257.09,2024-12-18 01:49:16
175,Global Metrics 2024,Network Logs,Internal Server,2025-06-15,4620044,981.84,2025-06-17 08:40:22
176,Regional Errors 2025,Network Logs,AWS S3 Bucket,2025-11-22,1391272,1195.85,2025-11-22 07:56:55
177,Processed Incidents 2024,Cloud Access Logs,Partner Agency,2025-04-02,1252554,3769.78,2025-04-04 19:13:48
178,Raw Errors 2024,Threat Intelligence,Legacy System,2025-09-02,4332739,1362.9,2025-09-04 19:56:59
179,Internal Incidents 2023,Threat Intelligence,AWS S3 Bucket,2025-09-18,3526503,2660.25,2025-09-19 12:23:20
180,Encrypted Traffic 2024,System Audits,Legacy System,2025-04-10,3779945,4075.45,2025-04-11 19:07:23
181,Encrypted Incidents 2024,User Activity,Internal Server,2025-03-18,1920616,4807.6,2025-03-19 18:09:01
182,Encrypted Logins 2025,Financial Transactions,Internal Server,2025-02-12,4288069,2716.48,2025-02-14 16:49:39
183,Raw History 2023,Threat Intelligence,Legacy System,2025-10-24,1641278,758.72,2025-10-25 11:11:09
184,Global Logins 2023,Cloud Access Logs,Research Lab,2025-02-27,1539241,1187.53,2025-03-01 12:43:45
185,Encrypted Traffic 2025,Threat Intelligence,AWS S3 Bucket,2025-01-13,4059040,3882.37,2025-01-14 22:41:10
186,Regional Attacks 2023,Cloud Access Logs,Security Vendor,2025-01-14,1965556,1445.45,2025-01-15 01:01:26
187,Processed Errors 2025,Network Logs,Security Vendor,2025-07-15,2283984,2994.21,2025-07-16 09:30:03
188,Regional Errors 2024,Financial Transactions,AWS S3 Bucket,2025-08-10,986623,4462.7,2025-08-10 18:48:30
189,Regional Logins 2025,IoT Sensor Data,Legacy System,2025-07-23,3800859,2117.82,2025-07-24 05:22:33
190,Encrypted Logins 2024,Threat Intelligence,Security Vendor,2025-08-27,4180646,1860.97,2025-08-28 23:36:31
191,Encrypted History 2023,IoT Sensor Data,Public API,2025-01-03,3844522,300.13,2025-01-05 11:03:41
192,Raw History 2025,Malware Signatures,Research Lab,2025-07-01,4873569,4531.42,2025-07-02 03:27:10
193,Raw Metrics 2024,Cloud Access Logs,Research Lab,2024-12-14,2325010,1115.46,2024-12-16 12:19:49
194,Encrypted Metrics 2024,Threat Intelligence,Public API,2025-02-25,2526498,4023.03,2025-02-25 20:26:07
195,Processed Logins 2025,Financial Transactions,Public API,2025-07-24,2836663,478.08,2025-07-26 05:16:37
196,Global Errors 2025,User Activity,Legacy System,2025-05-18,3878403,2315.31,2025-05-19 17:04:28
197,Encrypted Logins 2023,Network Logs,Public API,2025-02-28,4049206,4781.49,2025-03-01 03:10:25
198,Customer Errors 2023,Cloud Access Logs,AWS S3 Bucket,2025-02-25,1039777,4436.6,2025-02-27 07:06:05
199,Processed Logins 2023,Cloud Access Logs,Partner Agency,2025-01-04,3706562,2437.86,2025-01-04 20:38:14
200,Internal Attacks 2023,Financial Transactions,Internal Server,2025-03-31,3164375,2656.5,2025-04-01 23:01:04
201,Customer Errors 2024,Network Logs,Legacy System,2025-02-22,2644507,2929.63,2025-02-24 01:53:37
202,Global Traffic 2023,System Audits,Internal Server,2025-08-28,3540038,415.94,2025-08-28 23:56:17
203,Regional History 2024,Threat Intelligence,AWS S3 Bucket,2025-03-07,4309764,1049.07,2025-03-08 17:19:03
204,Customer History 2024,User Activity,AWS S3 Bucket,2025-11-10,229468,1402.18,2025-11-11 00:42:06
205,Raw Traffic 2025,IoT Sensor Data,Internal Server,2025-12-05,1418712,1992.94,2025-12-06 22:00:32
206,Encrypted Traffic 2023,Malware Signatures,Research Lab,2025-06-01,725383,2283.74,2025-06-02 04:05:27
207,Raw Metrics 2025,IoT Sensor Data,Internal Server,2025-12-04,3709472,4808.98,2025-12-05 08:28:47
208,Regional Errors 2024,Malware Signatures,Partner Agency,2025-02-16,234772,1227.25,2025-02-18 13:41:45
209,Customer Incidents 2024,Financial Transactions,Public API,2024-12-24,4426908,244.19,2024-12-25 10:20:25
210,Internal Traffic 2023,Cloud Access Logs,Partner Agency,2025-06-17,3458138,41.63,2025-06-19 12:34:20
211,Raw Traffic 2025,User Activity,Internal Server,2025-12-01,1964616,4958.62,2025-12-03 19:46:53
212,Processed Metrics 2024,Network Logs,AWS S3 Bucket,2025-05-31,2741147,4667.31,2025-06-01 01:39:22
213,Global Incidents 2025,IoT Sensor Data,Research Lab,2025-06-06,2041962,679.31,2025-06-08 01:30:03
214,Processed Errors 2023,User Activity,Research Lab,2025-03-19,3726578,446.39,2025-03-21 03:57:18
215,Customer Errors 2025,IoT Sensor Data,Public API,2025-01-29,101478,1574.79,2025-01-30 00:49:29
216,Internal Incidents 2024,User Activity,Legacy System,2025-06-13,3844940,3908.73,2025-06-15 14:15:07
217,Encrypted Logins 2025,Threat Intelligence,Public API,2025-09-23,4492602,4035.24,2025-09-23 11:04:14
218,Regional History 2023,System Audits,AWS S3 Bucket,2025-12-03,4330666,1449.94,2025-12-05 13:18:35
219,Internal History 2023,Cloud Access Logs,Legacy System,2025-05-02,2305565,4656.72,2025-05-03 12:13:36
220,Global Traffic 2023,User Activity,Partner Agency,2025-03-03,3511089,2552.52,2025-03-04 05:16:53
221,Encrypted Logins 2023,Network Logs,Internal Server,2025-10-10,3296383,1101.44,2025-10-12 09:23:44
222,Global Attacks 2025,Threat Intelligence,Security Vendor,2025-08-25,1500432,2766.8,2025-08-27 17:48:07
223,Processed Traffic 2025,Financial Transactions,Legacy System,2025-04-02,167620,1757.88,2025-04-02 20:05:47
224,Regional Metrics 2025,Threat Intelligence,AWS S3 Bucket,2024-12-30,3604279,2186.41,2025-01-01 13:27:32
225,Customer Incidents 2024,Cloud Access Logs,Public API,2025-10-28,152918,3151.22,2025-10-30 04:11:20
226,Global History 2023,System Audits,Public API,2025-03-29,543031,673.47,2025-03-30 01:42:53
227,Processed Errors 2023,IoT Sensor Data,Research Lab,2025-08-19,2420856,1554.67,2025-08-21 11:19:15
228,Regional History 2023,User Activity,Research Lab,2025-11-19,4985271,2318.42,2025-11-20 20:37:27
229,Processed Traffic 2023,Malware Signatures,AWS S3 Bucket,2025-06-22,1889409,2081.0,2025-06-24 06:02:28
230,Regional Incidents 2025,Financial Transactions,Public API,2025-06-18,908217,3430.25,2025-06-19 11:25:07
231,Customer Incidents 2023,Financial Transactions,Legacy System,2025-08-11,3816029,4592.82,2025-08-12 09:12:52
232,Customer Metrics 2025,IoT Sensor Data,AWS S3 Bucket,2025-11-20,91762,1270.44,2025-11-21 19:15:48
233,Regional Incidents 2024,System Audits,Research Lab,2025-08-11,4534240,2117.6,2025-08-11 13:53:47
234,Raw Errors 2023,User Activity,Legacy System,2025-09-18,2402006,1457.38,2025-09-20 01:21:45
235,Encrypted Errors 2023,Malware Signatures,Public API,2025-09-23,1854021,640.91,2025-09-24 11:04:00
236,Raw Metrics 2025,Network Logs,Research Lab,2025-01-26,4321823,2388.14,2025-01-28 18:47:43
237,Customer History 2024,Cloud Access Logs,Public API,2025-06-27,3403285,1039.66,2025-06-29 11:03:05
238,Raw History 2023,IoT Sensor Data,Public API,2025-03-06,3066885,3460.01,2025-03-06 09:59:23
239,Global Attacks 2024,Malware Signatures,Security Vendor,2025-08-07,4104666,2766.98,2025-08-09 10:55:45
240,Processed Traffic 2023,System Audits,Partner Agency,2025-02-12,4400086,933.88,2025-02-13 17:55:30
241,Internal Traffic 2023,Malware Signatures,Research Lab,2025-09-23,4690584,4462.94,2025-09-24 19:46:08
242,Internal Attacks 2023,Threat Intelligence,Public API,2025-09-20,331032,3825.9,2025-09-20 09:53:20
243,Raw Errors 2023,System Audits,AWS S3 Bucket,2025-02-20,2885924,4947.61,2025-02-21 10:11:35
244,Customer Attacks 2025,Network Logs,Public API,2025-03-23,4567965,2881.14,2025-03-24 23:15:40
245,Customer Incidents 2025,System Audits,AWS S3 Bucket,2025-08-27,1660357,4291.13,2025-08-29 07:34:07
246,Encrypted History 2023,Malware Signatures,Partner Agency,2025-07-21,1761056,45.53,2025-07-22 19:06:52
247,Customer History 2023,Threat Intelligence,Security Vendor,2025-02-22,3842998,3291.17,2025-02-24 05:34:38
248,Internal Attacks 2024,Threat Intelligence,Security Vendor,2025-10-17,285634,3265.22,2025-10-18 03:46:41
249,Raw Incidents 2024,IoT Sensor Data,Security Vendor,2025-08-13,3545219,2721.5,2025-08-14 19:05:49
250,Customer Logins 2025,System Audits,Security Vendor,2025-04-05,3138095,4040.19,2025-04-06 21:44:11
251,Global Incidents 2024,Network Logs,Research Lab,2024-12-21,1551152,2137.47,2024-12-23 11:39:30
252,Global Errors 2025,Threat Intelligence,Legacy System,2025-03-27,1440231,3871.21,2025-03-27 03:27:21
253,Global Incidents 2025,Malware Signatures,Legacy System,2025-03-18,2982317,2403.35,2025-03-19 10:17:45
254,Global Attacks 2025,IoT Sensor Data,Legacy System,2025-04-30,1393270,701.91,2025-05-02 01:33:38
255,Customer Logins 2024,Malware Signatures,Internal Server,2025-06-23,4278790,2662.29,2025-06-25 01:22:49
256,Regional Incidents 2025,Cloud Access Logs,Public API,2025-01-18,720758,440.64,2025-01-18 21:55:00
257,Regional Incidents 2024,Threat Intelligence,AWS S3 Bucket,2025-05-03,2755026,1232.64,2025-05-04 15:54:19
258,Regional Incidents 2024,IoT Sensor Data,Research Lab,2024-12-30,1237005,4163.67,2024-12-30 20:13:49
259,Regional Logins 2025,User Activity,Public API,2025-11-20,287756,1717.28,2025-11-20 18:41:43
260,Customer Incidents 2023,Threat Intelligence,Research Lab,2025-08-20,3325122,2336.32,2025-08-21 18:39:07
261,Global Logins 2024,Cloud Access Logs,Security Vendor,2025-07-30,1181210,1881.94,2025-08-01 06:57:42
262,Global History 2025,Financial Transactions,Internal Server,2025-09-08,551263,1651.8,2025-09-08 15:32:59
263,Processed Logins 2024,Financial Transactions,Security Vendor,2025-12-07,3753944,4587.79,2025-12-08 20:31:59
264,Encrypted Errors 2023,IoT Sensor Data,AWS S3 Bucket,2025-12-01,2385564,3677.67,2025-12-02 14:26:36
265,Global Traffic 2023,Financial Transactions,Partner Agency,2025-06-09,3949668,68.06,2025-06-10 20:33:08
266,Encrypted Metrics 2024,Cloud Access Logs,Legacy System,2025-07-23,1420632,240.04,2025-07-25 03:43:52
267,Regional Metrics 2025,Threat Intelligence,Security Vendor,2025-01-09,175682,104.92,2025-01-09 10:18:12
268,Processed Errors 2023,Financial Transactions,AWS S3 Bucket,2025-01-08,4696188,637.33,2025-01-09 19:53:03
269,Processed History 2024,Cloud Access Logs,Internal Server,2025-03-02,3347836,2072.89,2025-03-02 15:23:20
270,Customer Traffic 2024,System Audits,AWS S3 Bucket,2025-02-13,3223572,3078.24,2025-02-15 10:48:22
271,Internal Incidents 2025,Threat Intelligence,Legacy System,2024-12-27,2906392,3202.24,2024-12-27 15:19:10
272,Global Traffic 2025,IoT Sensor Data,Partner Agency,2025-09-15,2777939,3264.59,2025-09-16 14:53:12
273,Internal History 2025,IoT Sensor Data,Partner Agency,2025-07-29,2483599,223.14,2025-07-31 03:23:46
274,Customer History 2023,User Activity,Internal Server,2025-04-25,1037628,4083.86,2025-04-26 11:52:08
275,Raw Traffic 2024,Network Logs,Internal Server,2025-06-26,1745676,4563.17,2025-06-28 08:23:46
276,Regional Logins 2024,User Activity,Security Vendor,2025-10-09,450357,2165.8,2025-10-09 09:49:17
277,Regional Logins 2025,System Audits,Partner Agency,2025-05-29,2959714,2531.23,2025-05-30 17:58:28
278,Raw History 2025,User Activity,Partner Agency,2025-09-11,4342666,2750.31,2025-09-11 12:31:53
279,Encrypted History 2023,Threat Intelligence,Partner Agency,2025-10-05,3638542,1101.52,2025-10-06 12:32:08
280,Internal Metrics 2024,Threat Intelligence,Public API,2025-01-02,4301158,589.16,2025-01-03 10:29:37
281,Global Metrics 2025,Financial Transactions,Security Vendor,2025-02-21,1507706,874.16,2025-02-21 22:36:53
282,Global Logins 2025,Cloud Access Logs,Security Vendor,2025-10-28,1063792,230.11,2025-10-28 21:39:43
283,Internal Traffic 2023,IoT Sensor Data,AWS S3 Bucket,2025-08-11,3310144,4696.32,2025-08-11 08:55:40
284,Global Attacks 2024,Malware Signatures,Internal Server,2025-04-14,3371816,3917.58,2025-04-16 00:00:40
285,Global Metrics 2024,Malware Signatures,Partner Agency,2024-12-29,3473050,286.2,2024-12-30 06:28:01
286,Encrypted Traffic 2023,Cloud Access Logs,AWS S3 Bucket,2025-05-21,4112738,3354.11,2025-05-22 18:53:04
287,Processed Incidents 2025,System Audits,Partner Agency,2025-11-19,4845412,328.14,2025-11-20 09:13:30
288,Encrypted Incidents 2024,Financial Transactions,Partner Agency,2025-05-13,4695764,1435.93,2025-05-14 15:57:39
289,Processed Errors 2025,Threat Intelligence,Public API,2025-05-22,3974277,318.72,2025-05-24 21:24:43
290,Processed Traffic 2023,Network Logs,Partner Agency,2025-01-13,2630147,1134.35,2025-01-14 22:39:14
291,Processed Metrics 2025,System Audits,Partner Agency,2025-09-08,2907049,2342.21,2025-09-10 13:25:42
292,Processed Errors 2024,IoT Sensor Data,Public API,2025-05-15,1776065,2966.06,2025-05-16 20:52:36
293,Processed Attacks 2025,Network Logs,Public API,2025-05-31,3355864,1144.96,2025-06-01 07:35:35
294,Internal Attacks 2025,Threat Intelligence,Partner Agency,2025-01-23,2001999,2639.53,2025-01-24 10:20:45
295,Processed Metrics 2025,IoT Sensor Data,AWS S3 Bucket,2024-12-15,2144132,4258.08,2024-12-17 04:20:40
296,Internal Metrics 2025,Financial Transactions,Security Vendor,2025-05-02,4693464,3728.66,2025-05-04 00:15:11
297,Internal Traffic 2024,Threat Intelligence,Partner Agency,2024-12-20,4112298,1770.92,2024-12-21 21:48:45
298,Raw Incidents 2025,User Activity,Research Lab,2025-10-24,3356578,4186.76,2025-10-26 03:40:22
299,Regional History 2023,Financial Transactions,Research Lab,2025-04-23,3459245,320.89,2025-04-24 20:18:47
300,Raw Traffic 2023,Cloud Access Logs,Internal Server,2025-02-04,3131112,191.89,2025-02-06 09:06:24
301,Encrypted Metrics 2023,Malware Signatures,Legacy System,2025-08-05,4036498,2265.68,2025-08-07 19:00:36
302,Processed Errors 2024,IoT Sensor Data,Public API,2025-03-25,1674012,223.89,2025-03-27 02:58:17
303,Internal Logins 2025,Financial Transactions,Partner Agency,2025-05-10,1285811,2699.0,2025-05-10 16:20:16
304,Regional Traffic 2023,Financial Transactions,AWS S3 Bucket,2025-11-20,1801257,4011.1,2025-11-21 01:29:04
305,Internal History 2024,System Audits,Internal Server,2025-09-13,1014456,1079.15,2025-09-14 02:49:19
306,Encrypted Metrics 2024,IoT Sensor Data,Public API,2025-10-28,1926276,3959.02,2025-10-30 08:27:25
307,Regional Errors 2023,Cloud Access Logs,AWS S3 Bucket,2025-04-18,3630267,1332.6,2025-04-19 13:06:25
308,Encrypted Attacks 2023,IoT Sensor Data,Partner Agency,2024-12-22,102434,2340.0,2024-12-24 07:04:31
309,Encrypted Metrics 2025,Financial Transactions,Internal Server,2025-06-27,401193,1579.19,2025-06-29 06:36:31
310,Regional History 2025,System Audits,Public API,2025-09-22,683778,381.89,2025-09-23 07:38:09
311,Raw Traffic 2023,Cloud Access Logs,AWS S3 Bucket,2025-03-02,375591,658.37,2025-03-03 16:17:27
312,Customer Errors 2024,Malware Signatures,Security Vendor,2025-06-11,3870806,142.29,2025-06-13 13:41:04
313,Raw Metrics 2023,Network Logs,Legacy System,2025-08-18,1391961,1880.89,2025-08-20 03:03:22
314,Regional Metrics 2024,Cloud Access Logs,Partner Agency,2025-10-15,4333169,410.21,2025-10-16 20:21:05
315,Encrypted Errors 2023,Threat Intelligence,Security Vendor,2025-01-07,2655782,4178.33,2025-01-08 02:02:33
316,Regional Incidents 2023,IoT Sensor Data,Public API,2025-06-24,914116,776.95,2025-06-24 12:57:07
317,Encrypted History 2024,Financial Transactions,Partner Agency,2025-05-15,779354,4704.55,2025-05-16 12:12:44
318,Raw History 2025,System Audits,Partner Agency,2025-07-10,1250821,4824.33,2025-07-11 20:23:58
319,Processed Logins 2025,Malware Signatures,Legacy System,2025-07-09,4565677,4924.11,2025-07-10 03:19:20
320,Internal Logins 2025,Cloud Access Logs,Security Vendor,2025-11-23,2489397,4863.03,2025-11-23 17:21:50
321,Customer Attacks 2023,System Audits,Legacy System,2024-12-24,4666470,4880.25,2024-12-26 10:36:35
322,Raw Incidents 2025,Malware Signatures,Research Lab,2025-07-29,3129366,660.86,2025-07-31 07:02:19
323,Processed Errors 2023,System Audits,Research Lab,2025-11-10,1340244,2611.59,2025-11-10 11:50:56
324,Encrypted History 2025,IoT Sensor Data,Public API,2025-07-22,2143610,656.04,2025-07-23 00:39:16
325,Encrypted Attacks 2023,Threat Intelligence,Internal Server,2025-09-05,2768232,3375.2,2025-09-06 06:25:25
326,Global History 2024,Malware Signatures,Internal Server,2024-12-28,3257899,3004.48,2024-12-29 14:52:45
327,Global Metrics 2025,User Activity,Security Vendor,2025-08-10,3317387,3758.94,2025-08-11 14:25:08
328,Raw History 2024,System Audits,Security Vendor,2025-01-13,3310414,1344.11,2025-01-14 07:28:34
329,Raw Traffic 2025,Network Logs,Security Vendor,2025-07-17,714738,2394.28,2025-07-17 08:02:08
330,Regional Incidents 2024,Financial Transactions,Internal Server,2025-04-27,4030930,1228.31,2025-04-29 03:08:38
331,Global Logins 2023,Threat Intelligence,AWS S3 Bucket,2025-07-14,4176759,2576.79,2025-07-15 06:27:45
332,Raw Incidents 2023,Malware Signatures,Internal Server,2025-06-19,2269100,511.78,2025-06-20 02:34:00
333,Raw Metrics 2025,IoT Sensor Data,AWS S3 Bucket,2025-09-27,88701,811.96,2025-09-29 07:18:55
334,Raw Errors 2024,Network Logs,AWS S3 Bucket,2025-10-16,1617827,2457.39,2025-10-16 11:08:56
335,Customer Logins 2025,Cloud Access Logs,Public API,2025-05-11,4811151,658.01,2025-05-11 19:50:37
336,Regional Metrics 2025,User Activity,Legacy System,2025-08-27,510819,4209.76,2025-08-28 23:08:12
337,Customer Attacks 2025,IoT Sensor Data,Internal Server,2025-10-28,339593,2261.35,2025-10-30 04:30:52
338,Customer Logins 2024,Threat Intelligence,Partner Agency,2025-08-15,2544779,2101.19,2025-08-16 20:39:21
339,Regional Attacks 2025,IoT Sensor Data,Internal Server,2025-02-18,1586666,1173.45,2025-02-19 08:57:33
340,Encrypted Incidents 2024,IoT Sensor Data,Internal Server,2025-07-29,2826161,1166.41,2025-07-29 20:47:19
341,Encrypted Attacks 2025,Malware Signatures,Research Lab,2025-08-05,703346,2012.53,2025-08-06 05:10:09
342,Global Errors 2025,IoT Sensor Data,Public API,2025-11-27,3925942,1991.68,2025-11-29 04:03:18
343,Encrypted Metrics 2025,Network Logs,Legacy System,2025-05-31,1877579,1011.83,2025-06-01 10:04:20
344,Internal Traffic 2024,Threat Intelligence,Legacy System,2025-06-26,786911,822.76,2025-06-27 06:32:14
345,Raw Errors 2023,Financial Transactions,Partner Agency,2025-12-10,2890766,1208.5,2025-12-12 02:33:14
346,Encrypted Logins 2023,User Activity,AWS S3 Bucket,2025-07-09,4658193,3688.66,2025-07-11 15:30:35
347,Global Attacks 2023,Threat Intelligence,Legacy System,2025-06-11,369230,323.37,2025-06-13 10:51:33
348,Raw Logins 2024,User Activity,Security Vendor,2024-12-23,4147647,3275.29,2024-12-23 23:33:05
349,Regional Traffic 2025,Threat Intelligence,Research Lab,2025-11-25,279418,3964.93,2025-11-25 21:24:23
350,Encrypted Attacks 2025,IoT Sensor Data,Partner Agency,2025-04-16,3275389,4347.42,2025-04-17 10:41:25
351,Regional Errors 2024,Network Logs,Research Lab,2025-02-23,4782932,2189.57,2025-02-24 06:54:24
352,Processed Traffic 2024,Financial Transactions,Public API,2025-03-23,58921,4329.36,2025-03-25 16:31:29
353,Encrypted Logins 2023,Malware Signatures,Security Vendor,2025-03-13,4944923,2562.71,2025-03-13 21:57:42
354,Encrypted Attacks 2025,IoT Sensor Data,AWS S3 Bucket,2025-12-09,3374595,4804.18,2025-12-11 14:32:27
355,Encrypted Errors 2024,Network Logs,Partner Agency,2025-02-03,1888603,2234.36,2025-02-04 21:54:15
356,Raw Attacks 2023,IoT Sensor Data,Security Vendor,2025-05-22,2385873,3456.34,2025-05-23 23:59:51
357,Processed Errors 2025,User Activity,AWS S3 Bucket,2025-02-04,2661035,4136.09,2025-02-06 15:39:16
358,Customer Metrics 2025,System Audits,Internal Server,2025-06-27,1330864,3868.01,2025-06-28 11:38:49
359,Encrypted Metrics 2025,User Activity,Public API,2024-12-24,1370270,4380.54,2024-12-24 19:14:54
360,Global Metrics 2023,Financial Transactions,Public API,2025-02-28,1106580,376.3,2025-03-02 20:21:32
361,Raw History 2025,Cloud Access Logs,Legacy System,2025-02-16,2241451,1329.76,2025-02-17 19:46:01
362,Global Traffic 2024,Threat Intelligence,Security Vendor,2025-03-29,2104984,4954.44,2025-03-29 11:25:11
363,Customer Attacks 2024,Network Logs,Public API,2025-01-03,4597774,323.7,2025-01-03 15:41:53
364,Processed Logins 2024,Cloud Access Logs,Partner Agency,2025-09-26,3300224,3058.71,2025-09-28 13:44:30
365,Processed Metrics 2023,Malware Signatures,Internal Server,2025-06-01,4742233,2667.16,2025-06-03 00:10:23
366,Processed Metrics 2024,Network Logs,AWS S3 Bucket,2025-01-15,2693249,1233.0,2025-01-17 02:30:20
367,Processed Attacks 2024,Threat Intelligence,AWS S3 Bucket,2025-05-17,2331734,373.31,2025-05-17 21:02:25
368,Internal History 2024,Cloud Access Logs,Partner Agency,2025-06-24,627781,208.23,2025-06-25 01:41:13
369,Customer Logins 2025,Network Logs,AWS S3 Bucket,2025-01-10,1657447,4601.87,2025-01-10 19:23:00
370,Regional Traffic 2023,User Activity,Partner Agency,2025-07-26,2332208,4913.96,2025-07-28 02:37:04
371,Customer Attacks 2025,Cloud Access Logs,Research Lab,2025-08-27,4900185,3706.29,2025-08-28 13:32:54
372,Global Traffic 2024,Network Logs,Legacy System,2025-06-29,3739472,3827.92,2025-07-01 02:15:22
373,Customer Traffic 2024,Cloud Access Logs,AWS S3 Bucket,2025-06-22,4762488,4856.56,2025-06-22 22:34:15
374,Internal Traffic 2023,Cloud Access Logs,Partner Agency,2025-12-04,2951407,2522.46,2025-12-05 13:13:49
375,Internal Errors 2025,Malware Signatures,Partner Agency,2025-08-11,2347054,3897.24,2025-08-12 13:31:20
376,Global Logins 2025,Network Logs,Public API,2025-05-27,3270412,521.19,2025-05-28 20:03:17
377,Encrypted History 2023,User Activity,Research Lab,2025-06-05,1700224,1702.43,2025-06-07 07:19:53
378,Processed Attacks 2024,Network Logs,Research Lab,2025-11-04,2626391,2290.59,2025-11-06 04:15:43
379,Global Metrics 2025,Threat Intelligence,Public API,2025-03-17,4974004,3287.1,2025-03-17 04:11:39
380,Processed Errors 2023,IoT Sensor Data,Public API,2025-06-03,4385459,14.0,2025-06-04 13:33:33
381,Encrypted Traffic 2023,Malware Signatures,AWS S3 Bucket,2025-02-09,3464820,699.19,2025-02-10 12:55:42
382,Raw Incidents 2023,Malware Signatures,AWS S3 Bucket,2025-08-03,3120526,4943.29,2025-08-04 06:23:02
383,Customer Attacks 2025,User Activity,Security Vendor,2025-01-13,4077803,3403.08,2025-01-15 21:12:54
384,Regional Errors 2025,Threat Intelligence,Public API,2025-07-07,4344380,2764.88,2025-07-08 02:29:56
385,Encrypted Logins 2024,Financial Transactions,Internal Server,2025-05-24,231539,1675.04,2025-05-25 23:46:54
386,Regional Traffic 2025,IoT Sensor Data,AWS S3 Bucket,2025-01-06,1546764,4909.19,2025-01-07 04:25:49
387,Processed Attacks 2024,System Audits,Internal Server,2025-10-23,3389663,2719.56,2025-10-24 13:18:39
388,Raw Logins 2025,Malware Signatures,AWS S3 Bucket,2025-02-27,1024197,4129.22,2025-02-28 10:09:11
389,Global Logins 2025,Threat Intelligence,AWS S3 Bucket,2025-10-13,4789923,2092.08,2025-10-15 07:57:33
390,Encrypted Logins 2025,Network Logs,Legacy System,2025-09-26,2675539,901.9,2025-09-27 03:57:46
391,Regional Logins 2025,Malware Signatures,Public API,2025-12-10,2001580,645.92,2025-12-10 18:24:19
392,Encrypted Traffic 2024,IoT Sensor Data,Security Vendor,2025-01-30,3138275,1392.67,2025-01-30 15:52:45
393,Global Logins 2025,System Audits,AWS S3 Bucket,2025-05-03,4301528,42.63,2025-05-04 12:59:06
394,Global Traffic 2025,Network Logs,Internal Server,2025-07-05,1181715,4261.3,2025-07-07 04:45:09
395,Global Logins 2023,Threat Intelligence,Research Lab,2025-11-14,762705,1212.29,2025-11-16 03:49:14
396,Customer Errors 2024,IoT Sensor Data,Legacy System,2025-01-21,2147712,3620.58,2025-01-23 05:00:59
397,Encrypted Errors 2025,Cloud Access Logs,Partner Agency,2025-05-15,2959633,3042.62,2025-05-17 04:30:02
398,Regional Logins 2024,System Audits,Security Vendor,2025-09-22,1887085,3394.32,2025-09-23 06:07:15
399,Regional Errors 2024,System Audits,Legacy System,2025-06-18,3076391,3552.73,2025-06-19 20:01:57
400,Raw Incidents 2025,System Audits,Internal Server,2025-04-18,2021748,3984.97,2025-04-19 07:51:18
401,Customer Attacks 2025,Cloud Access Logs,Security Vendor,2025-08-21,1403899,3234.63,2025-08-22 03:49:08
402,Encrypted Metrics 2025,Network Logs,Public API,2025-04-29,4808610,1677.0,2025-05-01 01:03:12
403,Customer Traffic 2023,System Audits,Public API,2025-02-13,278486,1246.73,2025-02-15 08:37:52
404,Internal Attacks 2024,Financial Transactions,Security Vendor,2025-01-07,1401463,1357.96,2025-01-09 00:41:44
405,Processed History 2023,User Activity,Public API,2025-07-16,4242408,4117.03,2025-07-18 12:23:52
406,Processed Traffic 2025,User Activity,Research Lab,2025-11-25,1555341,2290.9,2025-11-27 19:06:19
407,Internal Incidents 2024,System Audits,Legacy System,2025-07-12,2797915,943.77,2025-07-14 03:01:35
408,Processed Incidents 2024,Financial Transactions,Security Vendor,2025-07-23,544883,4122.78,2025-07-25 01:01:36
409,Customer Attacks 2025,User Activity,Legacy System,2025-08-13,2178117,274.12,2025-08-14 19:56:41
410,Internal Errors 2024,Malware Signatures,Public API,2025-06-06,1458507,2724.9,2025-06-07 03:36:14
411,Regional History 2023,Cloud Access Logs,Public API,2025-05-30,1377976,3901.4,2025-05-30 10:26:03
412,Regional Attacks 2023,Cloud Access Logs,Legacy System,2024-12-23,564362,3647.34,2024-12-24 15:41:33
413,Global Traffic 2023,Threat Intelligence,Research Lab,2025-12-02,2618437,510.99,2025-12-03 05:45:10
414,Internal Errors 2023,System Audits,Partner Agency,2025-05-16,3709880,2280.81,2025-05-16 23:12:42
415,Raw Metrics 2023,System Audits,Legacy System,2025-04-19,1429940,2647.43,2025-04-21 07:32:12
416,Global Attacks 2023,Malware Signatures,AWS S3 Bucket,2025-02-06,1077688,1943.55,2025-02-08 09:28:45
417,Internal Logins 2024,Financial Transactions,AWS S3 Bucket,2025-04-07,1392510,4891.53,2025-04-09 04:29:58
418,Encrypted Attacks 2025,IoT Sensor Data,Research Lab,2025-02-07,2604829,4979.37,2025-02-09 13:47:04
419,Processed Logins 2024,Threat Intelligence,Partner Agency,2025-11-24,1025797,4090.01,2025-11-24 02:20:22
420,Internal Incidents 2024,IoT Sensor Data,Security Vendor,2025-03-20,2602142,87.1,2025-03-22 00:11:13
421,Global Attacks 2025,System Audits,Internal Server,2025-11-26,2460210,2777.61,2025-11-27 06:56:40
422,Encrypted Errors 2025,User Activity,Internal Server,2025-01-30,678297,4015.94,2025-01-31 02:35:05
423,Regional Errors 2025,User Activity,Security Vendor,2025-04-26,3523887,4904.79,2025-04-27 07:41:39
424,Global Incidents 2023,IoT Sensor Data,Public API,2025-05-02,2497459,293.32,2025-05-04 09:46:43
425,Processed Metrics 2023,Financial Transactions,Public API,2025-05-22,1225401,523.42,2025-05-24 04:04:59
426,Global Incidents 2023,Financial Transactions,Security Vendor,2025-02-15,1346385,4246.85,2025-02-17 05:43:03
427,Encrypted Errors 2024,Malware Signatures,Security Vendor,2025-05-29,2852806,3483.49,2025-05-30 09:09:13
428,Customer Traffic 2024,IoT Sensor Data,Research Lab,2025-11-03,3153022,2016.74,2025-11-04 12:49:17
429,Encrypted Logins 2025,Financial Transactions,Internal Server,2025-09-24,3640818,2251.86,2025-09-26 09:36:12
430,Raw Incidents 2023,User Activity,Legacy System,2025-07-20,4473411,1778.24,2025-07-22 06:34:16
431,Global Incidents 2024,System Audits,Legacy System,2025-03-16,1006653,2429.7,2025-03-18 19:08:45
432,Customer Metrics 2025,IoT Sensor Data,AWS S3 Bucket,2025-08-23,3597943,80.74,2025-08-24 13:39:16
433,Encrypted Metrics 2025,Malware Signatures,Internal Server,2025-04-29,637181,194.73,2025-05-01 16:48:02
434,Processed Metrics 2024,Threat Intelligence,Legacy System,2025-03-04,3063305,3887.25,2025-03-06 10:26:46
435,Regional Attacks 2023,Financial Transactions,Legacy System,2024-12-26,2366540,3175.8,2024-12-28 03:42:54
436,Customer Attacks 2024,Threat Intelligence,Public API,2025-02-08,2344224,829.19,2025-02-08 19:49:25
437,Raw Metrics 2025,System Audits,Internal Server,2025-09-27,4487158,3262.93,2025-09-27 05:54:28
438,Internal Errors 2023,Threat Intelligence,Internal Server,2025-02-23,1808912,2258.04,2025-02-24 21:31:13
439,Raw Incidents 2023,Malware Signatures,Legacy System,2025-07-06,3398484,3082.13,2025-07-08 04:04:11
440,Customer Attacks 2025,User Activity,AWS S3 Bucket,2025-01-17,118182,90.84,2025-01-17 22:42:09
441,Internal Metrics 2023,Cloud Access Logs,Security Vendor,2025-08-29,4207172,983.78,2025-08-30 14:48:34
442,Encrypted Errors 2025,Malware Signatures,Internal Server,2025-07-23,4885129,3414.36,2025-07-23 19:32:48
443,Processed Traffic 2023,Threat Intelligence,Public API,2025-01-20,1625458,3644.2,2025-01-21 01:22:36
444,Encrypted Attacks 2025,Financial Transactions,Legacy System,2025-09-18,2248282,403.95,2025-09-19 09:06:53
445,Global History 2024,Network Logs,Partner Agency,2025-04-27,43602,549.99,2025-04-27 20:35:58
446,Internal Traffic 2023,System Audits,Security Vendor,2025-04-15,1454418,284.3,2025-04-15 09:36:22
447,Processed Traffic 2024,User Activity,AWS S3 Bucket,2025-05-26,3787315,935.46,2025-05-27 22:34:15
448,Encrypted Attacks 2024,Cloud Access Logs,Research Lab,2025-06-17,2128901,1109.11,2025-06-19 04:44:33
449,Processed History 2024,Malware Signatures,Public API,2025-04-10,4676476,1763.78,2025-04-11 12:02:45
450,Raw Metrics 2025,User Activity,Security Vendor,2025-11-17,227542,2061.85,2025-11-17 14:03:40
451,Processed Traffic 2023,Financial Transactions,Partner Agency,2025-05-02,1598666,1180.08,2025-05-03 20:22:04
452,Internal Incidents 2025,Financial Transactions,AWS S3 Bucket,2025-08-29,1248785,3561.27,2025-08-30 11:31:36
453,Processed History 2023,Network Logs,Research Lab,2024-12-21,2095651,4989.08,2024-12-21 23:07:23
454,Encrypted Attacks 2023,Threat Intelligence,Partner Agency,2025-04-23,2393158,912.75,2025-04-24 15:34:52
455,Global Logins 2025,Threat Intelligence,Partner Agency,2025-06-28,3501692,1815.47,2025-06-29 07:26:33
456,Regional History 2024,Threat Intelligence,Internal Server,2025-04-28,1046845,3916.49,2025-04-29 23:58:07
457,Processed Errors 2023,System Audits,Public API,2025-06-02,2562991,3671.98,2025-06-03 05:37:45
458,Customer Incidents 2024,Threat Intelligence,Partner Agency,2025-01-20,4036197,1560.15,2025-01-22 18:55:38
459,Global Incidents 2025,Network Logs,Legacy System,2025-10-09,1620083,4222.98,2025-10-10 15:56:32
460,Customer History 2025,IoT Sensor Data,Public API,2025-01-10,3597621,2178.39,2025-01-12 21:02:28
461,Raw Attacks 2024,Threat Intelligence,Research Lab,2025-05-10,3940091,3126.9,2025-05-10 08:39:48
462,Customer Errors 2024,Network Logs,Legacy System,2025-03-31,3737858,2417.29,2025-03-31 17:07:43
463,Internal Incidents 2023,User Activity,Partner Agency,2025-01-23,2559360,2691.37,2025-01-25 13:02:16
464,Customer Logins 2023,System Audits,Security Vendor,2025-07-31,3300959,348.85,2025-08-02 00:47:40
465,Internal Metrics 2024,Financial Transactions,Security Vendor,2025-01-16,3699372,1286.5,2025-01-16 17:17:57
466,Raw Incidents 2024,User Activity,Legacy System,2025-03-09,4843463,4410.4,2025-03-10 19:15:01
467,Encrypted Metrics 2025,Threat Intelligence,Internal Server,2025-01-26,1963536,555.89,2025-01-28 01:27:31
468,Processed Traffic 2025,Cloud Access Logs,Research Lab,2025-07-24,4645083,4820.88,2025-07-24 05:47:10
469,Customer Attacks 2023,IoT Sensor Data,Research Lab,2025-06-01,1733632,2676.85,2025-06-03 08:01:17
470,Encrypted Traffic 2024,IoT Sensor Data,Legacy System,2025-07-18,2070435,279.22,2025-07-18 17:07:04
471,Global History 2024,Network Logs,Legacy System,2025-09-12,3807088,285.37,2025-09-13 14:23:46
472,Encrypted Traffic 2024,Threat Intelligence,AWS S3 Bucket,2025-03-27,2708046,4751.47,2025-03-27 21:11:57
473,Processed Traffic 2025,IoT Sensor Data,Research Lab,2025-02-02,2415999,2981.48,2025-02-04 03:58:00
474,Encrypted Metrics 2025,User Activity,Internal Server,2025-08-21,3971254,917.93,2025-08-21 23:03:31
475,Global History 2025,Network Logs,Internal Server,2025-06-15,13391,4650.02,2025-06-16 11:51:16
476,Regional History 2025,Financial Transactions,Research Lab,2025-06-01,4013812,1744.72,2025-06-02 16:56:20
477,Encrypted Logins 2023,IoT Sensor Data,Security Vendor,2025-11-08,2794302,2817.06,2025-11-10 05:47:20
478,Internal Metrics 2023,User Activity,Internal Server,2025-05-01,2585384,323.05,2025-05-03 04:55:00
479,Processed Incidents 2025,User Activity,AWS S3 Bucket,2025-03-30,3654132,364.83,2025-03-31 11:42:31
480,Customer Attacks 2023,User Activity,Public API,2025-07-22,2111728,391.16,2025-07-24 02:38:04
481,Regional Metrics 2024,User Activity,Research Lab,2025-04-29,3848425,3606.01,2025-05-01 14:21:48
482,Processed Metrics 2024,Threat Intelligence,Internal Server,2025-05-21,1104604,1146.33,2025-05-23 18:12:24
483,Processed Metrics 2024,Threat Intelligence,Partner Agency,2025-09-20,501400,2887.48,2025-09-20 11:11:24
484,Internal Logins 2024,User Activity,Security Vendor,2024-12-26,2500508,4185.55,2024-12-27 01:30:44
485,Processed Incidents 2025,Cloud Access Logs,Security Vendor,2024-12-12,2488152,2019.37,2024-12-13 04:54:14
486,Global Traffic 2023,System Audits,Public API,2025-01-31,4117123,2476.4,2025-02-01 18:46:03
487,Customer Metrics 2024,Financial Transactions,Security Vendor,2025-06-15,1172773,550.7,2025-06-16 04:18:23
488,Processed Attacks 2023,Cloud Access Logs,Partner Agency,2025-08-21,2696329,737.79,2025-08-22 01:31:16
489,Encrypted Incidents 2025,Malware Signatures,Public API,2025-08-13,4986420,168.18,2025-08-13 16:31:42
490,Internal Errors 2025,Financial Transactions,Legacy System,2025-06-18,4521400,4131.3,2025-06-19 11:23:23
491,Processed Errors 2024,IoT Sensor Data,Partner Agency,2025-04-20,3307449,2378.39,2025-04-20 19:53:34
492,Encrypted History 2025,Financial Transactions,Security Vendor,2025-03-31,4396189,3907.47,2025-04-01 01:07:27
493,Internal Traffic 2023,User Activity,Public API,2025-10-07,54648,1186.28,2025-10-08 21:31:33
494,Regional Traffic 2025,User Activity,Partner Agency,2025-07-26,1161634,4522.18,2025-07-28 07:22:40
495,Internal Attacks 2025,IoT Sensor Data,AWS S3 Bucket,2025-03-09,351520,635.91,2025-03-10 08:20:56
496,Processed Traffic 2024,IoT Sensor Data,Legacy System,2025-10-07,4510895,4428.4,2025-10-07 20:49:36
497,Raw Incidents 2025,System Audits,Public API,2025-06-22,1685206,1398.19,2025-06-23 21:24:57
498,Global Attacks 2023,Cloud Access Logs,Public API,2025-06-17,2061022,2927.55,2025-06-19 13:32:39
499,Regional Logins 2024,Financial Transactions,Public API,2025-02-23,1472730,1354.93,2025-02-23 23:32:42
500,Encrypted Traffic 2025,Financial Transactions,Partner Agency,2025-05-17,1410558,2328.96,2025-05-18 15:31:16
501,Internal Incidents 2025,Cloud Access Logs,AWS S3 Bucket,2025-01-27,14913,3605.86,2025-01-29 03:20:06
502,Encrypted Attacks 2024,Financial Transactions,Security Vendor,2025-03-19,2076776,4561.83,2025-03-19 16:05:37
503,Regional Metrics 2025,Threat Intelligence,Legacy System,2025-12-10,3255890,2506.37,2025-12-11 13:08:38
504,Raw History 2025,Cloud Access Logs,Public API,2025-05-14,2435262,3707.35,2025-05-15 17:51:20
505,Processed Errors 2025,Threat Intelligence,Internal Server,2025-04-14,1973782,740.3,2025-04-15 17:57:28
506,Processed History 2024,Cloud Access Logs,Public API,2025-09-07,2208202,2734.4,2025-09-08 13:39:24
507,Global Logins 2023,System Audits,Research Lab,2025-04-19,3291760,2014.17,2025-04-21 07:22:55
508,Encrypted Metrics 2023,Threat Intelligence,Legacy System,2025-04-04,3685643,4197.12,2025-04-05 16:31:19
509,Encrypted Incidents 2024,Financial Transactions,Partner Agency,2025-04-13,4876176,2795.92,2025-04-13 14:08:19
510,Global Logins 2023,Threat Intelligence,Partner Agency,2025-09-11,3275268,3500.57,2025-09-11 22:20:31
511,Customer Traffic 2024,Network Logs,AWS S3 Bucket,2025-06-19,3577865,1605.13,2025-06-21 12:40:13
512,Raw Traffic 2025,Threat Intelligence,AWS S3 Bucket,2025-10-15,168864,3870.15,2025-10-15 16:34:15
513,Processed Attacks 2024,User Activity,Partner Agency,2025-03-28,3005158,1641.6,2025-03-30 05:24:25
514,Regional Metrics 2025,Financial Transactions,AWS S3 Bucket,2025-01-08,4855193,1566.0,2025-01-08 06:00:01
515,Customer Attacks 2024,User Activity,Public API,2025-12-10,1537112,3874.47,2025-12-11 11:59:25
516,Customer History 2025,Financial Transactions,Public API,2025-05-15,2736450,4443.21,2025-05-16 02:14:29
517,Regional Attacks 2025,IoT Sensor Data,Partner Agency,2025-04-28,4535426,4998.27,2025-04-29 08:41:11
518,Encrypted Traffic 2023,IoT Sensor Data,Research Lab,2024-12-11,866694,67.28,2024-12-11 23:28:12
519,Processed History 2024,Network Logs,Partner Agency,2025-02-23,1643684,3639.8,2025-02-25 05:31:48
520,Encrypted Errors 2023,Threat Intelligence,Partner Agency,2025-08-23,1254005,380.11,2025-08-24 07:32:19
521,Internal Errors 2025,Cloud Access Logs,Internal Server,2025-10-27,1912971,1407.5,2025-10-27 20:47:30
522,Internal Logins 2025,Cloud Access Logs,Legacy System,2025-01-03,2984000,1888.16,2025-01-04 02:58:10
523,Processed Traffic 2025,Cloud Access Logs,Public API,2025-03-22,81658,3250.92,2025-03-23 18:09:47
524,Customer History 2023,Threat Intelligence,Public API,2025-11-07,4105946,3924.99,2025-11-09 17:14:06
525,Customer History 2024,Financial Transactions,Partner Agency,2025-10-26,3996459,1350.91,2025-10-27 18:34:48
526,Processed Logins 2025,Malware Signatures,Research Lab,2025-02-12,4024989,2388.62,2025-02-13 07:07:32
527,Global History 2024,Financial Transactions,AWS S3 Bucket,2025-01-25,3978447,141.11,2025-01-27 02:50:26
528,Customer Traffic 2025,User Activity,Legacy System,2025-08-08,2301214,3191.49,2025-08-08 12:50:35
529,Global Errors 2023,User Activity,Research Lab,2025-07-16,663326,351.35,2025-07-16 16:40:39
530,Global Attacks 2025,System Audits,Partner Agency,2025-10-22,4027172,3521.71,2025-10-22 23:59:12
531,Processed Metrics 2024,IoT Sensor Data,Legacy System,2025-10-28,3976921,4877.48,2025-10-30 04:26:33
532,Processed Traffic 2023,Cloud Access Logs,Public API,2025-07-29,1214078,3364.81,2025-07-30 04:21:18
533,Regional Logins 2024,User Activity,Research Lab,2025-05-18,1852948,4678.05,2025-05-19 02:03:39
534,Global Incidents 2023,IoT Sensor Data,Security Vendor,2025-12-07,75302,1224.93,2025-12-08 20:30:38
535,Raw Traffic 2024,Cloud Access Logs,Research Lab,2025-03-03,797950,2580.19,2025-03-03 15:46:52
536,Global Attacks 2023,System Audits,Research Lab,2024-12-31,1931406,571.3,2025-01-02 05:29:23
537,Global Errors 2023,Malware Signatures,Internal Server,2025-08-29,1804363,82.21,2025-08-30 13:57:18
538,Encrypted Traffic 2025,System Audits,Legacy System,2025-01-18,4439998,1077.14,2025-01-18 16:05:58
539,Raw Traffic 2024,Financial Transactions,Internal Server,2025-03-22,803906,3491.99,2025-03-23 06:51:40
540,Internal History 2024,User Activity,Security Vendor,2025-08-02,274203,638.19,2025-08-03 07:36:16
541,Internal Errors 2024,Financial Transactions,AWS S3 Bucket,2025-12-02,22130,4881.49,2025-12-04 11:23:18
542,Raw Logins 2023,IoT Sensor Data,Internal Server,2025-11-10,2159863,1651.44,2025-11-11 05:15:07
543,Encrypted Errors 2024,Financial Transactions,Public API,2025-03-25,4568263,694.95,2025-03-25 18:14:39
544,Encrypted Traffic 2025,IoT Sensor Data,Legacy System,2025-07-30,4318314,2353.87,2025-07-30 13:49:54
545,Regional Incidents 2024,System Audits,Legacy System,2025-05-25,2442410,2635.59,2025-05-27 08:14:21
546,Encrypted Incidents 2025,Network Logs,Partner Agency,2025-10-02,4860576,4181.37,2025-10-02 08:00:15
547,Customer Metrics 2023,IoT Sensor Data,Legacy System,2025-01-19,1977997,3024.86,2025-01-20 10:34:55
548,Regional Logins 2023,System Audits,Internal Server,2025-06-04,624554,1051.5,2025-06-04 05:57:16
549,Raw History 2025,Cloud Access Logs,Security Vendor,2024-12-29,4588476,4945.85,2024-12-29 20:45:00
550,Processed Attacks 2025,IoT Sensor Data,Internal Server,2025-03-17,2896466,3708.42,2025-03-18 02:36:25
551,Encrypted Traffic 2024,IoT Sensor Data,Security Vendor,2025-10-24,1616431,1392.28,2025-10-25 17:46:05
552,Global Errors 2024,IoT Sensor Data,Internal Server,2025-05-17,4426870,2935.72,2025-05-19 00:16:53
553,Customer Incidents 2023,Financial Transactions,Research Lab,2025-05-27,1117728,2518.87,2025-05-27 18:54:00
554,Internal Traffic 2025,Financial Transactions,Public API,2025-10-17,586208,4547.22,2025-10-19 10:07:16
555,Processed Traffic 2023,Malware Signatures,Legacy System,2025-02-23,3419233,4410.35,2025-02-24 04:59:33
556,Customer Traffic 2024,User Activity,Partner Agency,2025-12-10,2365202,3877.4,2025-12-11 22:14:52
557,Processed Metrics 2023,IoT Sensor Data,AWS S3 Bucket,2025-09-06,352399,3551.85,2025-09-08 14:33:46
558,Processed Errors 2023,Financial Transactions,Legacy System,2025-01-13,2274493,1280.59,2025-01-14 22:03:28
559,Raw Metrics 2024,Threat Intelligence,Security Vendor,2025-03-30,2567381,4919.53,2025-04-01 13:27:01
560,Raw Incidents 2024,Financial Transactions,AWS S3 Bucket,2025-01-27,3004761,950.45,2025-01-28 15:20:15
561,Processed Errors 2025,Malware Signatures,Legacy System,2025-11-29,2877308,192.13,2025-11-30 07:19:58
562,Regional Metrics 2023,IoT Sensor Data,Legacy System,2025-07-16,940519,4953.83,2025-07-18 03:21:44
563,Internal Metrics 2024,Network Logs,AWS S3 Bucket,2025-05-11,470970,3967.42,2025-05-11 19:44:48
564,Encrypted Incidents 2024,Malware Signatures,Public API,2025-08-06,1070561,4018.33,2025-08-07 21:25:14
565,Customer Errors 2023,User Activity,Legacy System,2025-05-16,372866,4255.89,2025-05-18 06:41:31
566,Encrypted Logins 2025,Network Logs,Security Vendor,2025-01-03,4644398,3945.04,2025-01-04 01:08:26
567,Customer Incidents 2025,IoT Sensor Data,Legacy System,2025-02-12,2755213,1711.6,2025-02-12 18:37:49
568,Regional Metrics 2024,User Activity,Partner Agency,2025-03-10,4894119,4418.62,2025-03-11 08:11:17
569,Customer Metrics 2025,Network Logs,AWS S3 Bucket,2025-02-05,1830201,2631.92,2025-02-07 18:36:50
570,Raw Attacks 2023,Cloud Access Logs,Internal Server,2025-07-29,2484829,2318.59,2025-07-30 17:04:45
571,Encrypted Incidents 2025,IoT Sensor Data,Partner Agency,2025-07-11,2267363,977.31,2025-07-13 01:54:54
572,Regional Logins 2025,System Audits,Partner Agency,2025-03-18,1223390,1840.54,2025-03-19 20:23:36
573,Raw History 2025,Malware Signatures,Partner Agency,2025-01-25,4112209,2516.05,2025-01-25 21:28:44
574,Internal History 2024,Malware Signatures,Public API,2025-05-08,3018908,2486.73,2025-05-10 07:41:32
575,Customer History 2025,Network Logs,Public API,2025-02-01,1181099,2937.37,2025-02-01 22:22:43
576,Regional History 2023,User Activity,Internal Server,2025-07-21,4378035,1381.6,2025-07-22 02:29:26
577,Global Traffic 2023,Threat Intelligence,Internal Server,2025-05-09,2748352,4920.93,2025-05-10 08:21:45
578,Raw Metrics 2023,Threat Intelligence,AWS S3 Bucket,2025-02-05,3605195,3307.97,2025-02-06 11:24:04
579,Global Errors 2023,Malware Signatures,Legacy System,2025-08-26,1903789,997.98,2025-08-26 15:44:59
580,Encrypted Logins 2024,Network Logs,Public API,2025-04-01,2268878,4247.01,2025-04-01 13:11:49
581,Encrypted Logins 2025,Financial Transactions,AWS S3 Bucket,2025-09-11,2037975,2229.5,2025-09-12 22:33:29
582,Regional Incidents 2023,System Audits,AWS S3 Bucket,2025-04-21,29060,3828.4,2025-04-21 13:09:58
583,Customer Logins 2024,Financial Transactions,Legacy System,2025-09-03,2170522,1005.44,2025-09-05 09:02:14
584,Internal Logins 2024,System Audits,AWS S3 Bucket,2025-07-30,1468409,562.99,2025-08-01 10:52:14
585,Customer Logins 2024,Malware Signatures,Public API,2025-07-28,3631160,1946.8,2025-07-29 00:55:44
586,Internal Incidents 2024,System Audits,Partner Agency,2025-02-18,1366692,3787.57,2025-02-18 21:45:26
587,Regional Incidents 2025,System Audits,Internal Server,2025-10-09,132155,4072.74,2025-10-10 20:49:38
588,Encrypted Logins 2023,Network Logs,Public API,2025-01-20,1299787,3855.19,2025-01-21 10:26:38
589,Processed Logins 2024,Threat Intelligence,AWS S3 Bucket,2025-09-20,4968803,3626.61,2025-09-21 00:11:07
590,Processed Errors 2024,Malware Signatures,Legacy System,2025-01-11,4251737,1464.29,2025-01-12 17:19:50
591,Regional Errors 2025,Financial Transactions,Research Lab,2025-02-26,1974102,4362.64,2025-02-27 19:32:11
592,Regional History 2023,Cloud Access Logs,Partner Agency,2025-10-14,1334593,440.42,2025-10-15 00:44:53
593,Raw Attacks 2025,System Audits,Public API,2025-01-02,4911827,3979.52,2025-01-04 11:21:30
594,Internal Errors 2024,Cloud Access Logs,Legacy System,2025-09-14,2074092,2120.29,2025-09-15 13:24:36
595,Raw Traffic 2025,System Audits,Research Lab,2025-03-25,53844,559.36,2025-03-27 13:35:11
596,Customer Metrics 2024,Threat Intelligence,Legacy System,2024-12-11,3471147,3782.08,2024-12-11 18:34:36
597,Internal Errors 2024,Financial Transactions,Internal Server,2025-06-02,2800358,1211.12,2025-06-03 09:48:49
598,Customer Logins 2024,IoT Sensor Data,Legacy System,2025-05-11,4819784,518.42,2025-05-11 05:50:52
599,Encrypted Traffic 2025,System Audits,Public API,2025-10-29,4941132,3439.45,2025-10-29 18:46:58
600,Encrypted Attacks 2024,IoT Sensor Data,AWS S3 Bucket,2025-07-02,1705356,2801.96,2025-07-04 01:18:00
601,Regional Attacks 2024,User Activity,AWS S3 Bucket,2025-09-07,269906,4654.19,2025-09-08 21:22:59
602,Raw Logins 2024,Network Logs,Research Lab,2025-07-20,4671978,4065.34,2025-07-22 12:18:13
603,Raw Logins 2024,IoT Sensor Data,Legacy System,2025-10-06,577340,3443.18,2025-10-08 15:10:50
604,Customer Errors 2023,User Activity,Internal Server,2024-12-20,2744831,3147.9,2024-12-22 11:58:19
605,Processed Errors 2025,Malware Signatures,Research Lab,2025-10-02,3080017,4699.3,2025-10-04 03:50:09
606,Raw Attacks 2024,User Activity,Legacy System,2025-09-06,1376783,4190.59,2025-09-08 08:34:10
607,Regional Errors 2024,Financial Transactions,AWS S3 Bucket,2025-10-13,4393068,2005.44,2025-10-14 22:46:39
608,Internal Errors 2025,Financial Transactions,Security Vendor,2025-08-12,1151383,1298.79,2025-08-14 09:44:04
609,Processed Logins 2025,Network Logs,Internal Server,2025-04-20,4551303,3728.77,2025-04-21 20:50:31
610,Raw Logins 2025,Network Logs,Security Vendor,2025-03-22,3165989,2453.45,2025-03-22 21:13:54
611,Raw Metrics 2024,System Audits,Public API,2025-08-12,4840231,1385.66,2025-08-14 02:33:28
612,Internal Attacks 2025,System Audits,Public API,2025-03-23,1051878,33.46,2025-03-24 07:47:51
613,Internal Traffic 2023,Threat Intelligence,Security Vendor,2025-06-02,1502154,4733.88,2025-06-03 16:18:08
614,Processed History 2025,Network Logs,Research Lab,2025-04-06,3229610,196.69,2025-04-06 10:15:19
615,Global Logins 2025,System Audits,Internal Server,2024-12-20,120243,664.3,2024-12-21 18:19:37
616,Global Errors 2024,System Audits,Research Lab,2025-05-21,118032,1138.87,2025-05-23 21:56:35
617,Regional Incidents 2023,Threat Intelligence,AWS S3 Bucket,2025-09-21,2493493,133.75,2025-09-22 04:32:22
618,Encrypted Traffic 2023,Financial Transactions,Research Lab,2025-03-03,3173508,1025.67,2025-03-03 23:18:34
619,Processed Metrics 2025,Malware Signatures,AWS S3 Bucket,2025-06-30,2626194,3128.69,2025-07-01 11:44:39
620,Internal Errors 2023,Cloud Access Logs,AWS S3 Bucket,2025-02-18,2078122,4421.65,2025-02-18 16:06:40
621,Global Logins 2024,User Activity,Internal Server,2025-10-20,1259948,760.21,2025-10-22 03:59:27
622,Internal History 2025,Cloud Access Logs,Partner Agency,2025-02-24,3038262,1584.41,2025-02-25 20:20:07
623,Encrypted Logins 2025,Cloud Access Logs,Internal Server,2025-03-07,4424928,2946.41,2025-03-08 16:40:07
624,Internal Incidents 2025,Malware Signatures,AWS S3 Bucket,2025-11-21,2824827,813.07,2025-11-23 00:34:07
625,Processed History 2025,Cloud Access Logs,Security Vendor,2025-08-20,1622976,1100.24,2025-08-22 05:24:56
626,Raw Traffic 2025,Threat Intelligence,Public API,2025-12-02,4769971,3621.48,2025-12-04 07:36:52
627,Internal Incidents 2023,Cloud Access Logs,Partner Agency,2025-02-26,744919,1210.45,2025-02-27 01:56:03
628,Customer Metrics 2025,System Audits,Legacy System,2025-11-08,699818,4880.53,2025-11-10 01:47:45
629,Regional Incidents 2024,Financial Transactions,Research Lab,2024-12-28,2949376,2826.98,2024-12-28 14:38:15
630,Regional Incidents 2023,Financial Transactions,Legacy System,2024-12-24,598844,86.73,2024-12-24 12:36:20
631,Encrypted Traffic 2023,Threat Intelligence,AWS S3 Bucket,2024-12-28,2108763,1114.91,2024-12-28 22:10:28
632,Processed Errors 2023,Threat Intelligence,AWS S3 Bucket,2025-12-02,4617032,574.27,2025-12-04 03:53:11
633,Global Errors 2023,Network Logs,Security Vendor,2025-11-25,4885316,4478.48,2025-11-25 16:58:57
634,Processed Logins 2025,Financial Transactions,Internal Server,2025-06-17,554989,507.1,2025-06-17 13:37:23
635,Raw History 2024,Malware Signatures,Partner Agency,2025-07-03,2253200,2963.2,2025-07-03 22:21:18
636,Regional Incidents 2025,Malware Signatures,AWS S3 Bucket,2025-04-04,833562,2713.86,2025-04-05 14:16:35
637,Global History 2024,Network Logs,Partner Agency,2025-07-14,2331666,875.56,2025-07-16 03:08:15
638,Global Metrics 2023,Cloud Access Logs,Security Vendor,2025-06-29,3348143,3215.39,2025-07-01 03:47:09
639,Raw Logins 2023,Threat Intelligence,Legacy System,2025-08-06,2778126,4442.75,2025-08-08 01:20:44
640,Encrypted Errors 2024,User Activity,Security Vendor,2025-03-09,4344363,4359.8,2025-03-11 02:23:56
641,Regional Incidents 2025,IoT Sensor Data,Research Lab,2025-03-30,30770,129.35,2025-03-31 05:51:07
642,Raw Errors 2025,User Activity,Security Vendor,2025-04-13,2239567,1911.5,2025-04-15 06:18:47
643,Global Traffic 2023,Threat Intelligence,AWS S3 Bucket,2025-08-22,4290591,993.49,2025-08-23 07:41:21
644,Global Metrics 2025,Threat Intelligence,Security Vendor,2025-08-01,4436750,3829.18,2025-08-03 04:33:56
645,Encrypted Attacks 2023,Network Logs,Research Lab,2025-12-10,4727701,3975.19,2025-12-11 12:27:51
646,Processed Traffic 2023,User Activity,Partner Agency,2025-09-03,578395,1621.89,2025-09-03 10:16:48
647,Global History 2023,IoT Sensor Data,Legacy System,2025-06-13,2345664,393.86,2025-06-13 08:51:54
648,Processed Incidents 2024,IoT Sensor Data,Internal Server,2025-04-24,394355,3036.71,2025-04-25 19:42:02
649,Global Attacks 2024,Network Logs,Security Vendor,2025-07-20,4572554,1753.75,2025-07-20 21:46:55
650,Processed Logins 2023,User Activity,Partner Agency,2025-09-07,3227428,1193.34,2025-09-08 08:21:57
651,Global Metrics 2025,User Activity,Public API,2025-02-11,2922898,4772.3,2025-02-12 19:22:52
652,Customer Logins 2024,Network Logs,Research Lab,2025-12-06,4391388,2594.52,2025-12-08 21:59:41
653,Global Metrics 2024,Threat Intelligence,Legacy System,2025-06-11,3104882,4690.73,2025-06-12 08:42:56
654,Global Logins 2025,User Activity,Research Lab,2025-10-23,4573873,342.8,2025-10-24 21:56:30
655,Raw Logins 2024,System Audits,Internal Server,2025-08-07,445681,4819.47,2025-08-09 11:33:36
656,Raw History 2024,Cloud Access Logs,Public API,2025-05-20,3894219,2919.33,2025-05-21 03:06:29
657,Customer Attacks 2024,Malware Signatures,Internal Server,2025-08-15,1149822,2989.0,2025-08-17 06:19:28
658,Raw Logins 2024,IoT Sensor Data,AWS S3 Bucket,2025-07-11,3401513,2862.56,2025-07-12 22:57:54
659,Internal Incidents 2024,Cloud Access Logs,Legacy System,2025-08-07,2062712,3992.49,2025-08-09 03:22:18
660,Internal Logins 2023,Threat Intelligence,Security Vendor,2025-09-25,3535972,345.14,2025-09-27 02:01:07
661,Encrypted Logins 2023,Malware Signatures,AWS S3 Bucket,2025-09-24,4156170,1321.14,2025-09-26 14:42:56
662,Customer Errors 2023,Financial Transactions,AWS S3 Bucket,2025-08-22,2896316,1358.66,2025-08-24 14:05:14
663,Encrypted Logins 2024,Cloud Access Logs,Internal Server,2025-11-14,4647647,4532.34,2025-11-15 01:43:17
664,Customer Logins 2025,Financial Transactions,Public API,2024-12-19,2288422,1305.72,2024-12-21 00:55:20
665,Processed Incidents 2025,Cloud Access Logs,Legacy System,2025-10-28,850454,3202.9,2025-10-30 19:53:36
666,Global Logins 2025,Cloud Access Logs,Legacy System,2025-11-07,4509615,2841.57,2025-11-08 08:36:15
667,Processed Errors 2024,IoT Sensor Data,Public API,2025-03-29,3609492,4929.42,2025-03-30 11:23:49
668,Global Errors 2024,IoT Sensor Data,Legacy System,2025-06-01,4078058,4307.22,2025-06-01 16:03:11
669,Raw Incidents 2025,IoT Sensor Data,Partner Agency,2025-01-05,4841720,1526.09,2025-01-07 16:06:20
670,Internal Attacks 2023,System Audits,Internal Server,2025-10-07,987566,1040.69,2025-10-09 07:05:19
671,Processed Incidents 2024,Cloud Access Logs,Security Vendor,2025-06-25,4920817,4887.65,2025-06-26 00:34:47
672,Internal History 2025,User Activity,Legacy System,2025-11-23,2218845,4368.51,2025-11-23 23:31:12
673,Processed Errors 2025,Network Logs,Public API,2025-02-14,4532115,1792.16,2025-02-15 11:51:37
674,Customer Logins 2024,IoT Sensor Data,Public API,2025-11-27,476848,2512.2,2025-11-28 16:37:09
675,Internal Errors 2024,Threat Intelligence,Internal Server,2025-02-01,843034,4470.35,2025-02-03 10:56:36
676,Global Traffic 2024,Network Logs,Partner Agency,2025-02-20,3312625,2507.86,2025-02-22 11:13:19
677,Raw Metrics 2023,User Activity,AWS S3 Bucket,2025-07-04,3583772,1883.5,2025-07-05 08:16:05
678,Regional History 2024,Financial Transactions,Partner Agency,2025-05-29,980703,3361.54,2025-05-30 17:39:51
679,Customer Errors 2023,System Audits,Research Lab,2025-01-08,2516093,1931.55,2025-01-09 00:28:12
680,Internal Logins 2024,Threat Intelligence,Research Lab,2025-08-02,2167102,679.92,2025-08-02 18:22:46
681,Raw History 2023,Financial Transactions,Internal Server,2025-08-11,1610924,3896.76,2025-08-11 23:28:49
682,Processed Errors 2023,Malware Signatures,Public API,2025-04-18,38001,4972.36,2025-04-19 19:19:44
683,Raw Errors 2024,System Audits,Legacy System,2025-05-07,3536879,3434.28,2025-05-07 20:22:27
684,Global Logins 2023,Financial Transactions,Internal Server,2025-07-18,1377119,4035.51,2025-07-18 13:03:27
685,Raw Metrics 2023,System Audits,Legacy System,2025-05-21,772585,4284.05,2025-05-23 11:59:49
686,Internal Metrics 2023,System Audits,Public API,2025-08-11,3096272,4362.19,2025-08-13 22:51:11
687,Regional History 2024,System Audits,Security Vendor,2025-09-02,4278948,4043.17,2025-09-03 22:49:42
688,Processed Attacks 2023,IoT Sensor Data,AWS S3 Bucket,2025-03-10,1205234,4101.71,2025-03-12 03:53:43
689,Encrypted Metrics 2025,IoT Sensor Data,Internal Server,2025-04-28,3520718,1862.92,2025-04-29 09:26:59
690,Encrypted Incidents 2025,Financial Transactions,Research Lab,2025-10-18,2861288,2984.95,2025-10-19 02:45:30
691,Internal History 2024,Malware Signatures,AWS S3 Bucket,2025-08-20,4425886,98.79,2025-08-21 02:24:39
692,Global Attacks 2023,Network Logs,Internal Server,2025-01-25,3676824,729.73,2025-01-26 06:08:19
693,Raw Logins 2025,Financial Transactions,Security Vendor,2025-01-13,4252691,2109.33,2025-01-13 15:27:59
694,Raw History 2024,System Audits,Public API,2025-07-11,1636006,3130.02,2025-07-12 02:31:52
695,Customer Logins 2024,Malware Signatures,Internal Server,2025-09-25,4730717,2600.09,2025-09-26 17:32:02
696,Customer Incidents 2024,Threat Intelligence,Legacy System,2025-03-23,4518169,1316.7,2025-03-23 20:55:41
697,Regional Errors 2024,Financial Transactions,Partner Agency,2025-05-02,4726093,2809.12,2025-05-03 15:10:23
698,Processed Errors 2025,System Audits,AWS S3 Bucket,2024-12-28,4627515,39.1,2024-12-28 15:41:40
699,Regional Attacks 2023,Malware Signatures,Legacy System,2025-11-22,2090454,1102.36,2025-11-24 07:33:39
700,Internal Errors 2025,Network Logs,Legacy System,2025-06-10,89500,781.92,2025-06-11 13:06:27
701,Processed Metrics 2025,User Activity,Public API,2025-09-21,1972847,1772.43,2025-09-21 19:16:28
702,Processed Logins 2024,User Activity,Public API,2025-05-02,1544748,1853.85,2025-05-03 04:07:50
703,Encrypted Errors 2025,Cloud Access Logs,Public API,2025-02-12,2874252,1672.66,2025-02-14 01:59:26
704,Internal Incidents 2025,Financial Transactions,Internal Server,2025-01-01,1708906,3992.63,2025-01-03 03:50:40
705,Regional Logins 2023,Malware Signatures,Public API,2025-07-19,554175,4738.06,2025-07-21 04:55:45
706,Internal Attacks 2023,Financial Transactions,Security Vendor,2025-04-30,2730279,2021.66,2025-05-01 07:57:58
707,Processed Metrics 2024,Cloud Access Logs,Legacy System,2025-05-31,3657217,2972.9,2025-06-01 09:56:40
708,Encrypted Incidents 2025,Financial Transactions,Security Vendor,2025-05-11,3719694,3334.51,2025-05-13 00:09:41
709,Internal Attacks 2023,Cloud Access Logs,AWS S3 Bucket,2024-12-21,1711909,1599.77,2024-12-21 23:37:31
710,Customer Logins 2025,Malware Signatures,Public API,2025-08-20,45402,2690.97,2025-08-22 12:45:18
711,Raw Incidents 2025,System Audits,Partner Agency,2025-11-08,4346014,4951.84,2025-11-09 15:50:57
712,Raw Logins 2025,Cloud Access Logs,Internal Server,2025-10-17,903142,1201.9,2025-10-19 00:49:34
713,Regional Incidents 2023,IoT Sensor Data,Public API,2025-03-31,1583058,3684.23,2025-03-31 18:14:16
714,Raw Attacks 2023,Malware Signatures,Internal Server,2025-10-12,3797452,3474.52,2025-10-14 07:39:44
715,Regional Attacks 2024,Threat Intelligence,Partner Agency,2025-11-19,4998981,2965.47,2025-11-21 02:56:47
716,Raw Incidents 2025,Financial Transactions,Legacy System,2025-02-08,2495189,3685.8,2025-02-10 14:29:31
717,Encrypted Incidents 2023,Network Logs,AWS S3 Bucket,2025-05-06,3923989,2962.42,2025-05-08 20:16:10
718,Internal Metrics 2024,User Activity,Legacy System,2025-01-30,4391462,852.9,2025-01-30 17:38:09
719,Encrypted History 2023,System Audits,Legacy System,2025-08-14,276187,2382.71,2025-08-15 17:04:16
720,Processed Traffic 2024,Network Logs,Public API,2025-11-20,4560550,1737.7,2025-11-20 19:25:11
721,Internal Attacks 2023,IoT Sensor Data,Security Vendor,2025-02-10,2100757,4439.36,2025-02-12 06:35:22
722,Customer Attacks 2025,Threat Intelligence,Security Vendor,2025-07-13,3988686,4232.78,2025-07-13 17:56:20
723,Regional Logins 2025,Threat Intelligence,Security Vendor,2025-04-29,4509775,3666.98,2025-04-30 02:54:20
724,Global Logins 2024,Financial Transactions,Partner Agency,2025-10-25,1235904,4996.91,2025-10-27 01:21:06
725,Raw Errors 2024,Cloud Access Logs,Legacy System,2025-04-05,4779084,3168.19,2025-04-05 07:19:09
726,Encrypted Errors 2025,System Audits,Partner Agency,2025-07-27,3142567,149.17,2025-07-28 12:42:36
727,Internal Incidents 2025,Threat Intelligence,AWS S3 Bucket,2025-08-28,1446871,1265.8,2025-08-29 20:44:45
728,Processed Errors 2025,Financial Transactions,Security Vendor,2025-09-23,2287124,1964.14,2025-09-25 02:18:47
729,Global Incidents 2024,Malware Signatures,Partner Agency,2025-01-22,2116667,1774.39,2025-01-24 06:11:38
730,Encrypted Logins 2025,Threat Intelligence,Internal Server,2025-04-12,165389,2489.77,2025-04-12 23:23:06
731,Internal Errors 2023,Malware Signatures,Security Vendor,2025-10-13,521771,4660.53,2025-10-14 13:17:05
732,Internal Logins 2023,Cloud Access Logs,AWS S3 Bucket,2025-07-06,3582857,1726.62,2025-07-08 07:09:58
733,Raw Logins 2025,System Audits,Security Vendor,2025-06-22,2452016,4320.37,2025-06-23 00:08:53
734,Customer History 2024,System Audits,Partner Agency,2025-07-31,695648,2993.26,2025-08-01 03:06:29
735,Regional Attacks 2023,System Audits,AWS S3 Bucket,2025-08-15,4128374,2785.57,2025-08-16 18:05:24
736,Raw Logins 2024,Network Logs,Public API,2025-10-08,1086227,2939.31,2025-10-09 13:04:06
737,Customer Attacks 2025,Network Logs,AWS S3 Bucket,2025-06-17,3969888,4818.73,2025-06-18 11:41:32
738,Customer Incidents 2023,Malware Signatures,AWS S3 Bucket,2025-09-07,3121544,1819.33,2025-09-08 02:09:56
739,Internal Incidents 2025,IoT Sensor Data,Legacy System,2025-06-19,3214763,4101.42,2025-06-20 08:06:10
740,Internal Attacks 2023,Financial Transactions,Internal Server,2024-12-18,3984426,2906.88,2024-12-19 12:10:41
741,Global Metrics 2025,Cloud Access Logs,Internal Server,2025-09-25,3732434,4272.91,2025-09-26 23:46:06
742,Global Errors 2025,Financial Transactions,Security Vendor,2025-11-09,4940134,1478.77,2025-11-10 06:40:30
743,Raw Attacks 2023,User Activity,Legacy System,2025-03-26,3430695,3197.23,2025-03-28 00:11:37
744,Global Metrics 2024,User Activity,AWS S3 Bucket,2025-10-12,1437392,4982.77,2025-10-13 22:58:31
745,Processed Incidents 2023,User Activity,Security Vendor,2025-04-01,3402094,594.52,2025-04-02 02:54:59
746,Internal Errors 2023,User Activity,Legacy System,2025-12-05,2927994,2485.14,2025-12-05 16:37:06
747,Processed Incidents 2023,Cloud Access Logs,Research Lab,2025-11-15,1885864,293.36,2025-11-15 15:59:52
748,Global Errors 2025,Malware Signatures,Research Lab,2025-11-28,2757027,4434.99,2025-11-29 02:45:59
749,Encrypted Metrics 2025,Financial Transactions,Research Lab,2025-12-04,1836279,653.59,2025-12-04 15:43:49
750,Regional Incidents 2024,Threat Intelligence,Partner Agency,2025-09-29,2596803,1760.99,2025-10-01 08:12:48
751,Processed Logins 2025,Network Logs,Security Vendor,2025-02-03,2241311,3439.74,2025-02-05 16:24:59
752,Encrypted Attacks 2023,System Audits,Security Vendor,2025-02-22,970621,2738.88,2025-02-22 07:16:19
753,Customer History 2023,IoT Sensor Data,Legacy System,2025-05-27,4767385,3035.24,2025-05-29 05:25:20
754,Encrypted Incidents 2025,Threat Intelligence,Research Lab,2025-01-11,3679395,1561.18,2025-01-12 22:07:18
755,Processed Incidents 2025,Network Logs,Security Vendor,2025-09-16,198491,3607.74,2025-09-16 16:48:09
756,Encrypted Logins 2025,Cloud Access Logs,Legacy System,2025-09-16,3705805,594.72,2025-09-17 03:24:08
757,Regional Attacks 2024,Network Logs,Security Vendor,2025-10-04,3158441,4885.61,2025-10-05 08:30:44
758,Internal History 2024,IoT Sensor Data,Partner Agency,2025-09-18,2617985,440.06,2025-09-20 14:25:29
759,Global History 2024,Malware Signatures,Partner Agency,2025-04-30,1782833,190.22,2025-05-01 19:10:10
760,Regional Errors 2024,Financial Transactions,Legacy System,2024-12-27,4524913,103.17,2024-12-28 18:25:52
761,Processed Metrics 2024,System Audits,Research Lab,2025-09-24,3456323,1444.65,2025-09-26 15:22:51
762,Internal Logins 2024,IoT Sensor Data,Public API,2025-11-10,2005129,2661.42,2025-11-11 01:28:38
763,Customer Attacks 2023,User Activity,Public API,2025-07-04,3706199,1444.09,2025-07-05 16:09:37
764,Internal Attacks 2023,Financial Transactions,Public API,2025-08-02,4246588,1279.9,2025-08-04 09:03:26
765,Regional History 2025,Financial Transactions,Public API,2025-08-27,4982437,430.04,2025-08-29 09:15:07
766,Global Attacks 2025,System Audits,AWS S3 Bucket,2025-09-17,4538399,3445.7,2025-09-18 13:53:05
767,Regional Incidents 2023,Network Logs,Internal Server,2025-05-11,1499165,2265.4,2025-05-13 09:21:06
768,Global Attacks 2025,User Activity,Research Lab,2025-01-23,2487211,3337.11,2025-01-25 11:53:17
769,Regional Errors 2025,System Audits,Research Lab,2025-11-05,4425971,1277.7,2025-11-07 09:29:07
770,Internal Traffic 2024,User Activity,Security Vendor,2025-03-31,964072,1946.04,2025-04-02 11:17:24
771,Encrypted History 2024,IoT Sensor Data,Security Vendor,2025-11-21,4531883,1120.38,2025-11-23 04:05:40
772,Raw Errors 2024,System Audits,Internal Server,2025-10-01,2127349,2392.61,2025-10-02 13:49:52
773,Encrypted Incidents 2025,Malware Signatures,Internal Server,2025-05-31,2926666,2831.01,2025-06-01 17:37:49
774,Processed Errors 2023,User Activity,Public API,2025-04-27,4111333,3560.65,2025-04-28 23:14:00
775,Regional Attacks 2024,Cloud Access Logs,Security Vendor,2025-02-18,1565944,3245.03,2025-02-19 04:04:34
776,Internal Attacks 2025,Network Logs,Security Vendor,2025-08-07,677280,2762.58,2025-08-08 11:02:35
777,Processed Errors 2024,User Activity,Internal Server,2025-04-05,2325581,1822.61,2025-04-06 01:55:09
778,Regional Traffic 2024,Financial Transactions,Research Lab,2025-11-03,2316758,2207.5,2025-11-04 13:55:42
779,Regional Attacks 2023,Network Logs,Internal Server,2025-05-12,3453953,237.03,2025-05-13 19:50:10
780,Raw Attacks 2025,User Activity,Internal Server,2025-11-28,1148332,3677.12,2025-11-29 04:28:16
781,Internal History 2023,Cloud Access Logs,Partner Agency,2025-06-12,818885,1711.01,2025-06-14 07:10:19
782,Internal Attacks 2025,System Audits,Security Vendor,2025-06-05,601304,4185.45,2025-06-06 19:30:33
783,Customer History 2023,System Audits,AWS S3 Bucket,2025-11-19,1711530,4166.44,2025-11-21 10:44:05
784,Raw Attacks 2024,Cloud Access Logs,Partner Agency,2025-08-18,3005065,1267.45,2025-08-20 06:09:20
785,Global History 2023,Cloud Access Logs,Internal Server,2024-12-27,4492203,2493.84,2024-12-28 19:12:08
786,Customer Attacks 2024,Threat Intelligence,AWS S3 Bucket,2025-11-24,1571205,1478.61,2025-11-26 08:42:14
787,Processed History 2025,Malware Signatures,Public API,2025-06-19,2469905,607.03,2025-06-20 11:59:19
788,Internal Errors 2025,System Audits,Security Vendor,2025-06-11,4471445,2862.72,2025-06-11 19:52:18
789,Processed History 2024,Malware Signatures,Legacy System,2025-02-25,3612252,2721.61,2025-02-25 19:05:02
790,Global Traffic 2025,Financial Transactions,Research Lab,2025-06-01,1566493,1028.81,2025-06-02 07:34:02
791,Processed History 2025,Financial Transactions,Public API,2025-01-10,2762104,4537.9,2025-01-11 16:24:12
792,Internal Errors 2024,System Audits,AWS S3 Bucket,2025-06-13,3623264,4233.21,2025-06-13 22:07:55
793,Encrypted History 2023,Cloud Access Logs,Internal Server,2025-06-01,577905,1830.42,2025-06-03 03:53:01
794,Internal Traffic 2024,Network Logs,Research Lab,2025-02-04,187770,1931.09,2025-02-05 08:59:57
795,Customer Metrics 2025,Threat Intelligence,Public API,2025-05-24,396436,3426.88,2025-05-25 18:00:22
796,Internal Incidents 2025,System Audits,Public API,2025-08-08,4440343,3848.64,2025-08-09 14:14:36
797,Encrypted Attacks 2023,IoT Sensor Data,Legacy System,2025-02-06,3023801,2405.45,2025-02-08 15:48:08
798,Global Traffic 2024,Financial Transactions,Legacy System,2024-12-29,839939,1561.68,2024-12-30 11:18:37
799,Encrypted Incidents 2024,Malware Signatures,Public API,2025-10-09,2043375,932.28,2025-10-09 21:06:28
800,Processed Incidents 2025,IoT Sensor Data,AWS S3 Bucket,2025-11-29,2088792,3446.62,2025-11-30 06:44:39
